ID	地点番号	駅名	世代	年齢(調査時)	開始時刻	出身地	生年	性別	1009とうもろこし<家>	1009とうもろこし<TV>	1013片足とび<家>	1013片足とび<TV>	1016びり<家>	1016びり<TV>	1007あざができる<家>	1007あざができる[あざ-]<家>	1007あざができる[-が-]<家>	1007あざができる[-できる]<家>	1007あざができる<TV>
1	NI1601	越中宮崎	高	73	14:30	1	1933	男	ﾏｷﾋﾞ	ﾏｷﾋﾞ	"ﾁﾝﾊﾞｶｸ,ｹﾝｹﾝ"	ﾁﾝﾊﾞｶｸ	"ｹﾞｯﾊﾟ,ｹﾞｯﾄ,ﾋﾞﾘ"	ｹﾞｯﾊﾟ	ｱｻﾞﾃﾞｷﾀ	ｱｻﾞ	φ	ﾃﾞｷﾀ	ｱｻﾞﾃﾞｷﾀ
1	NI1601	越中宮崎	中	54	13:00	1	1952	男	ﾄｰﾓﾛｺｼ	ﾄｰﾓﾛｺｼ	ｹﾝｹﾝﾊﾟ	ｹﾝｹﾝｱｿﾋﾞ	ｹﾞｯﾊﾟ	ﾋﾞﾘｹﾂ	ｱｵﾀﾝｶﾞﾃﾞｷﾙ	ｱｵﾀﾝ	ｶﾞ	ﾃﾞｷﾙ	ｳﾁﾐｶﾞﾃﾞｷﾀ
1	NI1601	越中宮崎	若	38	10:00	1	1968	男	"ﾄｰﾓﾛｺｼ,ﾏｷﾋﾞ"	ﾄｰﾓﾛｺｼ	ｹﾝｹﾝ	ｹﾝｹﾝ	"ﾋﾞﾘ,ｹﾞｯﾊﾟ,ｹﾂ"	ｲﾁﾊﾞﾝｻｲｺﾞ	ｱｵﾀﾝｶﾞﾃﾞｷﾀ	ｱｵﾀﾝ	ｶﾞ	ﾃﾞｷﾀ	ｱｵｱｻﾞｶﾞﾃﾞｷﾀ
1	NI1601	越中宮崎	少	13	9:10	1	1993	女	ﾄｰﾓﾛｺｼ	ﾄｰﾓﾛｺｼ	ｹﾝｹﾝ	ｹﾝｹﾝ	"ﾋﾞﾘ,ﾋﾞﾘｯｹﾂ"	ｻｲｺﾞ	"ｱｵﾀﾝﾃﾞｷﾃｼﾏｯﾀ,ｱｵｱｻﾞﾃﾞｷﾃｼﾏｯﾀ"	"ｱｵﾀﾝ,ｱｵｱｻﾞ"	φ	ﾃﾞｷﾃｼﾏｯﾀ	ｱｵｱｻﾞｶﾞﾃﾞｷﾃｼﾏｯﾀ
2	NI1602	泊	高	69	9:40	3	1936	女	"ﾄｰﾓﾛｺｼ,ﾏｷﾋﾞ"	ﾄｰﾓﾛｺｼ	"ｹﾝｹﾝ,ｹﾝｹﾝﾊﾟ"	ｹﾝｹﾝﾊﾟ	ｹﾞｯﾀ	ﾋﾞﾘ	ｼﾝﾀﾞ	NN	NN	ｼﾝﾀﾞ	ｱｵｸﾅｯﾀ
2	NI1602	泊	中	57	10:40	1	1949	女	"ﾄｰﾓﾛｺｼ,ﾏｷﾋﾞ"	ﾄｰﾓﾛｺｼ	ｹﾝｹﾝ	ｶﾀｱｼｹﾝｹﾝ	"ｹﾞｯﾄ,ｹﾞｯﾄｸｿ"	ﾋﾞﾘ	ｼﾝﾀﾞ	NN	NN	ｼﾝﾀﾞ	ｱｵｱｻﾞｶﾞﾃﾞｷﾙ
2	NI1602	泊	若	30	10:30	1	1976	男	"ﾄｰﾓﾛｺｼ,ﾏｷﾋﾞ"	ﾄｰﾓﾛｺｼ	ｹﾝｹﾝ	ｹﾝｹﾝ	"ﾋﾞﾘ,ﾄﾞﾝｹﾂ"	ﾋﾞﾘ	ｱｵﾀﾝﾆﾅﾙ	ｱｵﾀﾝ	ﾆ	ﾅﾙ	"ｱｵﾀﾝﾆﾅﾙ,ｱｻﾞﾆﾅﾙ,ｱｻﾞｶﾞﾃﾞｷﾙ"
2	NI1602	泊	少	14	12:55	3	1992	男	ﾄｰﾓﾛｺｼ	ﾄｰﾓﾛｺｼ	ｹﾝｹﾝ	ｹﾝｹﾝ	ﾋﾞﾘ	ﾋﾞﾘ	ｱｻﾞｶﾞﾃﾞｷﾀ	ｱｻﾞ	ｶﾞ	ﾃﾞｷﾀ	ｱｻﾞｶﾞﾃﾞｷﾀ
3	NI1603	入善	高	76	13:05	1	1928	男	ﾄｰﾓﾛｺｼ	ﾄｰﾓﾛｺｼ	"ｶﾀｱｼﾄﾋﾞ,ｶﾀｲｯﾎﾟﾄﾋﾞ"	ｶﾀｱｼﾄﾋﾞ	"ﾋﾞﾘｯｶｽ,ﾋﾞﾘｯｶｼ,ｹﾞｯﾀｸｿ,ｹﾞﾍﾞｯﾄ"	"ﾋﾞﾘ,ｹﾂ"		ｱｻﾞ	ｶﾞ	ﾃﾞｷﾙ	
3	NI1603	入善	中	56	17:05	1	1948	男	ﾄｰﾓﾛｺｼ	ﾄｰﾓﾛｺｼ	ｶﾀｱｼﾄﾋﾞ	ｶﾀｱｼﾄﾋﾞ	"ﾋﾞﾘｯｹﾂ,ﾗｽﾄﾗﾝﾅｰ"	"ﾋﾞﾘ,ﾋﾞﾘｯｹﾂ"		ｱｻﾞ	ｶﾞ	ﾃﾞｷﾙ	
3	NI1603	入善	若	32	14:15	3<入善町>	1972	男	ﾄｰﾓﾛｺｼ	ﾄｰﾓﾛｺｼ	ｹﾝｹﾝ	ｹﾝｹﾝ	"ﾄﾞﾍﾞ,ｹﾞｯﾄｸｿ,ｹﾞﾍﾞ"	ﾋﾞﾘ		ｱｵﾀﾝ	ｶﾞ	ﾃﾞｷﾙ	
3	NI1603	入善	少	15	15:05	1	1989	男	ﾄｰﾓﾛｺｼ	ﾄｰﾓﾛｺｼ	ｹﾝｹﾝ	ｹﾝｹﾝ	ﾋﾞﾘ	ｻｲｶｲ		ｱｻﾞ	ｶﾞ	ﾃﾞｷﾙ	
3	NI1603	入善	高	73	9:50	3	1933	女	"ﾄｰﾓﾛｺｼ,ﾏｷﾋﾞ"	ﾄｰﾓﾛｺｼ	ｹｯﾊﾟﾝ	ｹｯﾊﾟﾝ	"ﾋﾞﾘ,ｹﾞｯﾄ"	ｻｲｺﾞ	ｸﾛｽﾞﾝﾀﾞ	NN	NN	ｸﾛｽﾞﾝﾀﾞ	ｱｵｱｻﾞﾐﾀｲﾆﾅｯﾀ
3	NI1603	入善	中	52	13:40	1	1954	男	ﾄｰﾓﾛｺｼ	"ﾄｰﾓﾛｺｼ,ｽｲｰﾄｺｰﾝ"	ｹﾝｹﾝ	NR	"ｹﾞﾍﾞ,ｹﾞｯﾄｸｿ"	ﾋﾞﾘ	ｱｵｱｻﾞｶﾞﾃﾞｷﾙ	ｱｵｱｻﾞ	ｶﾞ	ﾃﾞｷﾙ	NR
3	NI1603	入善	若	39	10:00	1	1967	女	"ﾄｰﾓﾛｺｼ,ｺｰﾝ"	ﾄｰﾓﾛｺｼ	ｹﾝｹﾝ	ｹﾝｹﾝ	"ﾋﾞﾘ,ｹﾞﾍﾞ"	ｻｲｺﾞ	ｱｵｱｻﾞｶﾞﾃﾞｷﾀ	ｱｵｱｻﾞ	ｶﾞ	ﾃﾞｷﾀ	ｱｵｱｻﾞｶﾞﾃﾞｷﾀ
3	NI1603	入善	少	18	13:00	1	1988	女	ﾄｰﾓﾛｺｼ	ﾄｰﾓﾛｺｼ	NR	NR	ﾋﾞﾘ	ｻｲｶｲ	ｱｵﾀﾝｶﾞﾃﾞｷﾀ	ｱｵﾀﾝ	ｶﾞ	ﾃﾞｷﾀ	ﾅｲｼｭｯｹﾂｶﾞﾃﾞｷﾀ
4	NI1604	西入善	高	74	9:05	NR	1930	男	ﾄｰﾓﾛｺｼ	ﾄｰﾓﾛｺｼ	ｶﾀｱｼﾄﾋﾞ	ｶﾀｱｼﾄﾋﾞ	"ｹﾞｯﾄ,ｹﾞｯﾄｸｿ"	ｹﾞｯﾄ		NN	NN	ﾁｶﾞｶﾀﾏﾙ	
4	NI1604	西入善	中	57	9:05	1	1946	男	ﾄｰﾓﾛｺｼ	ﾄｰﾓﾛｺｼ	ｹﾝｹﾝ	ｹﾝｹﾝ	"ﾋﾞﾘ,ﾋﾞﾘｯｹﾂ"	"ﾋﾞﾘ,ﾋﾞﾘｯｹﾂ"		ｱｵｱｻﾞ	ｶﾞ	ﾃﾞｷﾙ	
4	NI1604	西入善	若	37	11:15	1	1967	男	ﾄｰﾓﾛｺｼ	ﾄｰﾓﾛｺｼ	ｹﾝｹﾝ	ｹﾝｹﾝ	ｹﾞｯﾄ	ﾋﾞﾘ		ｱｻﾞ	ｶﾞ	ﾃﾞｷﾙ	
4	NI1604	西入善	少	14	17:15	1	1990	男	ﾄｰﾓﾛｺｼ	ﾄｰﾓﾛｺｼ	ｹﾝｹﾝ	ｶﾀｱｼﾄﾋﾞ	ｹﾞﾍﾞ	ﾋﾞﾘ		ｱｻﾞ	ﾆ	ﾅﾙ	
4	NI1604	西入善	高	69	15:30	1	1937	男	"ﾄｰﾓﾛｺｼ,ﾏｷﾋﾞ"	ﾄｰﾓﾛｺｼ	ｶﾀｱｼﾄﾋﾞ	ｶﾀｱｼﾄﾋﾞ	"ﾋﾞﾘ,ｹﾞｯﾄ,ｹﾞﾍﾞ"	ﾋﾞﾘ	"ｱｻﾞﾝﾅﾙ,ｸﾛｽﾞﾐﾆﾅｯﾀ"	"ｱｻﾞ,ｸﾛｽﾞﾐ"	"ﾝ,ﾆ"	"ﾅﾙ,ﾅｯﾀ"	ｸﾛｽﾞﾐﾆﾅｯﾀ
4	NI1604	西入善	中	50	13:30	1	1956	女	ﾄｰﾓﾛｺｼ	ﾄｰﾓﾛｺｼ	ｶﾀｱｼﾄﾋﾞ	ｶﾀｱｼﾄﾋﾞ	ﾋﾞﾘ	ﾋﾞﾘ	ｱｵｱｻﾞｶﾞﾃﾞｷﾙ	ｱｵｱｻﾞ	ｶﾞ	ﾃﾞｷﾙ	ｳﾁﾐｶﾞﾃﾞｷﾙ
4	NI1604	西入善	若	39	13:00	1	1967	男	ﾄｰﾓﾛｺｼ	ﾄｰﾓﾛｺｼ	ｹﾝｹﾝ	ｹﾝｹﾝ	"ｹﾞｯﾄ,ﾋﾞﾘ,ｹﾂ"	ﾋﾞﾘ	ｱｻﾞｶﾞﾃﾞｷﾙ	ｱｻﾞ	ｶﾞ	ﾃﾞｷﾙ	ｳﾁﾐﾆﾅﾙ
4	NI1604	西入善	少	20	12:00	1	1986	男	ﾄｰﾓﾛｺｼ	ﾄｰﾓﾛｺｼ	ｹﾝｹﾝ	ｹﾝｹﾝ	"ｹﾞﾍﾞ,ﾋﾞﾘ,ﾄﾞﾍﾞ"	ﾋﾞﾘ	ｱｻﾞｶﾞﾃﾞｷﾙ	ｱｻﾞ	ｶﾞ	ﾃﾞｷﾙ	ｱｻﾞｶﾞﾃﾞｷﾙ
5	NI1605	生地	高	76	13:30	2	1930	女	"ﾄｰｷﾋﾞ,ｷﾋﾞ,ﾄｰﾓﾛｺｼ"	ﾄｰﾓﾛｺｼ	"ｹﾝｹﾝ,ｶﾀｱｼﾋﾟｮﾝﾋﾟｮﾝ"	ｶﾀｱｼﾋﾟｮﾝﾋﾟｮﾝ	"ﾋﾞﾘ,ｹﾞｯﾊﾟ"	ﾋﾞﾘ	"ｱｻﾞﾅﾙ,ｱｻﾞﾃﾞｷﾙ"	ｱｻﾞ	φ	"ﾅﾙ,ﾃﾞｷﾙ"	ｱｻﾞﾅﾙ
5	NI1605	生地	中	52	13:15	1	1954	女	"ﾄｰﾓﾛｺｼ,ﾄｰｷﾋﾞ"	"ﾄｰﾓﾛｺｼ,ﾄｰｷﾋﾞ"	ｶﾀｱｼﾄﾋﾞ	ｶﾀｱｼﾄﾋﾞ	"ｹﾞﾍﾞ,ｹﾞｯﾄ,ｹﾞｯﾄｸｿ"	ｹﾞｯﾄ	ｼﾇ	NN	NN	ｼﾇ	ｳﾁﾐ
5	NI1605	生地	若	37	14:10	1	1969	女	ﾄｰﾓﾛｺｼ	ﾄｰﾓﾛｺｼ	ｹﾝｹﾝ	ｶﾀｱｼﾄﾋﾞ	ｹﾞｯﾊﾟ	ﾋﾞﾘ	ｼﾝﾀﾞ	NN	NN	ｼﾝﾀﾞ	"ｼﾝﾀﾞ,ﾅｲｼｭｯｹﾂｽﾙ"
5	NI1605	生地	少	14	13:55	1	1992	男	ﾄｰﾓﾛｺｼ	ﾄｰﾓﾛｺｼ	ｹﾝｹﾝ	"ｶﾀｱｼﾄﾋﾞ,ｹﾝｹﾝ"	"ｹﾞﾍﾞ,ｻｲｺﾞ,ﾋﾞﾘ"	ﾋﾞﾘ	ﾅｲｼｭｯｹﾂｽﾙ	NN	NN	ﾅｲｼｭｯｹﾂｽﾙ	ﾅｲｼｭｯｹﾂｽﾙ
6	NI1606	黒部	高	72	11:00	3	1934	女	ﾄｰﾓﾛｺｼ	ﾄｰﾓﾛｺｼ	ﾁﾝﾊﾞ	ｶﾀｱｼﾄﾋﾞ	ﾋﾞﾘ	ﾋﾞﾘ	"ｱｶｱｻﾞ,ｱｻﾞ"	"ｱｶｱｻﾞ,ｱｻﾞ"	NN	NN	"ｱｶｱｻﾞ,ｱｻﾞ"
6	NI1606	黒部	中	57	10:50	1	1949	男	ﾄｰﾓﾛｺｼ	ﾄｰﾓﾛｺｼ	ｹﾝｹﾝ	"ｹﾝｹﾝ,ｶﾀｱｼﾄﾋﾞ"	"ﾋﾞﾘ,ｹﾞｯﾄ"	ﾋﾞﾘ	"ｱｻﾞｶﾞﾃﾞｷﾙ,ｱｵｱｻﾞｶﾞﾃﾞｷﾙ"	"ｱｻﾞ,ｱｵｱｻﾞ"	ｶﾞ	ﾃﾞｷﾙ	"ｱｻﾞ,ｱｵｱｻﾞ"
6	NI1606	黒部	若	35	13:00	1	1971	女	ﾄｰﾓﾛｺｼ	ﾄｰﾓﾛｺｼ	ｹﾝｹﾝﾄﾋﾞ	ｶﾀｱｼﾄﾋﾞ	"ﾋﾞﾘ,ｹﾞｯﾄ,ｹﾞｯﾄｸｿ"	ﾋﾞﾘ	"ｱｵﾀﾝｶﾞﾃﾞｷﾙ,ｱｵｱｻﾞｶﾞﾃﾞｷﾙ"	"ｱｵﾀﾝ,ｱｵｱｻﾞ"	ｶﾞ	ﾃﾞｷﾙ	"ｱｵﾀﾝ,ｱｵｱｻﾞ"
6	NI1606	黒部	少	20	13:20	3	1986	女	ﾄｰﾓﾛｺｼ	ﾄｰﾓﾛｺｼ	ｹﾝｹﾝ	ｶﾀｱｼﾄﾋﾞ	"ﾋﾞﾘ,ﾋﾞﾘｯｹﾂ,ﾄﾞﾝｹﾂ"	ﾋﾞﾘ	ｱｵｱｻﾞｶﾞﾃﾞｷﾙ	ｱｵｱｻﾞ	ｶﾞ	ﾃﾞｷﾙ	ｱｵｱｻﾞ
7	NI1607	魚津	高	71	15:30	99<福岡県久留米市>	1933	男	ﾄｰｷﾋﾞ	ﾄｰﾓﾛｺｼ	ｹﾝｹﾝ	NR	"ﾋﾞﾘ,ｹﾞｯﾄ,ｹﾞｯﾄｸｿ"	"ﾋﾞﾘ,ﾗｽ"		NN	NN	ｱｼｶﾞｼﾇ	
7	NI1607	魚津	中	51	11:00	1	1953	男	ﾄｰﾓﾛｺｼ	ﾄｰﾓﾛｺｼ	"ｶﾀｱｼﾄﾋﾞ,ｹﾝｹﾝﾄﾋﾞ"	ｶﾀｱｼﾄﾋﾞ	"ﾋﾞﾘ,ｹﾞｯﾄ"	ﾋﾞﾘ		ｱｻﾞ	φ	ﾂｸﾙ	
7	NI1607	魚津	若	33	13:35	1	1971	男	ﾄｰﾓﾛｺｼ	ﾄｰﾓﾛｺｼ	ｹﾝｹﾝ	ｹﾝｹﾝ	ﾋﾞﾘ	ｻｲｺｰｲ		ｱｵﾀﾝ	φ	ﾃﾞｷﾙ	
7	NI1607	魚津	高	77	11:30	1	1928	男	ﾄｰｷﾋﾞ	ﾄｰﾓﾛｺｼ	ｼﾞｬﾝｶﾞｼﾞｬﾝｶﾞ	ｶﾀｱｼﾄﾋﾞ	ｹﾞｯﾄｸｿ	"ﾋﾞﾘ,ｹﾂ"	ｳﾂﾐ	ｳﾂﾐ	NN	NN	ｱｻﾞﾆﾅｯﾀ
7	NI1607	魚津	中	52	11:11	1	1953	男	ﾄｰｷﾋﾞ	ﾄｰﾓﾛｺｼ	ｹﾝｹﾝ	ｶﾀｱｼﾄﾋﾞ	ｹﾞｯﾄ	ﾋﾞﾘ	"ｼﾝﾀﾞ,ｼﾇ"	NN	NN	"ｼﾝﾀﾞ,ｼﾇ"	ｱｵｱｻﾞﾆﾅﾙ
7	NI1607	魚津	若	35	20:15	1	1971	女	"ﾄｰﾓﾛｺｼ,ﾄｰｷﾋﾞ"	ﾄｰﾓﾛｺｼ	"ｹﾝｹﾝ,ｶﾀｱｼﾄﾋﾞ"	ｶﾀｱｼﾄﾋﾞ	"ﾋﾞﾘ,ｹﾞｯﾄ,ﾋﾞﾘｯｹﾂ"	ﾋﾞﾘ	ｱｵﾀﾝｶﾞﾃﾞｷﾙ	ｱｵﾀﾝ	ｶﾞ	ﾃﾞｷﾙ	"ｱｻﾞﾆﾅﾙ,ｱｻﾞｶﾞﾃﾞｷﾙ"
7	NI1607	魚津	少	18	13:00	99<入善町>	1987	女	"ﾄｰｷﾋﾞ,ﾄｰﾓﾛｺｼ"	ﾄｰﾓﾛｺｼ	ｹﾝｹﾝ	ｹﾝｹﾝ	"ｹﾞｯﾍﾟ,ﾋﾞﾘ,ﾋﾞﾘｹﾂ,ｹﾞﾍﾞ"	ﾋﾞﾘ	"ｱｻﾞｶﾞﾃﾞｷﾙ,ｱｻﾞﾆﾅﾙ"	ｱｻﾞ	"ｶﾞ,ﾆ"	"ﾃﾞｷﾙ,ﾅﾙ"	"ｱｻﾞｶﾞﾃﾞｷﾙ,ｱｻﾞﾆﾅﾙ"
8	NI1608	東滑川	高	73	16:50	3	1933	女	ﾄｰﾓﾛｺｼ	ﾄｰﾓﾛｺｼ	ｹﾝｹﾝ	ｹﾝｹﾝ	"ｹﾞｯﾄｸｿ,ﾋﾞﾘ,ｹﾞｯﾄ"	ｻｲｺﾞﾅｯﾀ	ｸﾛｽﾞﾑ	NN	NN	ｸﾛｽﾞﾑ	ｸﾛｸﾅｯﾀ
8	NI1608	東滑川	中	52	17:00	1	1954	男	ﾄｰﾓﾛｺｼ	ﾄｰﾓﾛｺｼ	ｹﾝｹﾝ	ｹﾝｹﾝ	"ﾋﾞﾘ,ﾄﾞﾍﾞ"	ﾋﾞﾘ	ｱｵｱｻﾞｶﾞﾃﾞｷﾙ	ｱｵｱｻﾞ	ｶﾞ	ﾃﾞｷﾙ	ｱｵｱｻﾞｶﾞﾃﾞｷﾙ
8	NI1608	東滑川	若	37	11:40	99<富山市水橋>	1970	男	"ﾄｰﾓﾛｺｼ,ﾄﾅﾜ"	ﾄｰﾓﾛｺｼ	ｹﾝｹﾝ	ｹﾝｹﾝ	"ｹﾞｯﾄｸｿ,ｹﾞﾍﾞ,ﾋﾞﾘ"	ｻｲｺﾞ	ｱｵﾀﾝ	ｱｵﾀﾝ	φ	ﾅｯﾀ	"ｱｵﾀﾝ,ｱｵｱｻﾞ"
8	NI1608	東滑川	少	19	14:15	1	1987	女	"ﾄｰﾓﾛｺｼ,ｺｰﾝ"	ﾄｰﾓﾛｺｼ	"ｹﾝﾊﾟ,ｹﾝｹﾝﾊﾟ"	"ｶﾀｱｼｶﾀｱｼﾘｮｳｱｼ,ｹﾝｹﾝﾊﾟ"	"ﾋﾞﾘｯｹﾂ,ﾄﾞﾍﾞ,ﾄﾞﾝ,ﾄﾞﾝｹﾂ"	ﾋﾞﾘ	"ｱｵｱｻﾞﾆﾅﾙ,ｱｻﾞﾆﾅﾙ"	"ｱｵｱｻﾞ,ｱｻﾞ"	ﾆ	ﾅﾙ	ｱｵｱｻﾞﾆﾅﾙ
9	NI1609	滑川	高	88	10:33	3	1918	女	"ﾄﾉﾏﾒ,ﾄｰﾓﾛｺｼ"	ﾄｰﾓﾛｺｼ	ｹﾝｹﾝ	ｹﾝｹﾝ	ﾋﾞﾘ	ﾋﾞﾘ	ｳﾁﾐﾆﾅﾙ	ｳﾁﾐ	ﾆ	ﾅﾙ	ｳﾁﾐﾆﾅﾙ
9	NI1609	滑川	中	52	13:00	1	1954	男	ﾄｰﾓﾛｺｼ	ﾄｰﾓﾛｺｼ	NR	NR	"ﾋﾞﾘ,ｹﾞｯﾄ"	"ﾋﾞﾘ,ｻｲｺﾞﾆﾅｯﾀ"	ｱｻﾞﾆﾅﾙ	ｱｻﾞ	ﾆ	ﾅﾙ	ﾅｲｼｭｯｹﾂｽﾙ
9	NI1609	滑川	若	38	10:54	3	1968	男	ﾄｰﾓﾛｺｼ	ﾄｰﾓﾛｺｼ	ｹﾝｹﾝ	ｹﾝｹﾝ	ﾋﾞﾘ	ｲﾁﾊﾞﾝｻｲｺﾞﾉﾋﾄ	"ｱｻﾞｶﾞﾃﾞｷﾙ,ｱｻﾞﾆﾅﾙ"	ｱｻﾞ	"ｶﾞ,ﾆ"	"ﾃﾞｷﾙ,ﾅﾙ"	ｱｻﾞｶﾞﾃﾞｷﾙ
9	NI1609	滑川	少	19	16:45	1	1987	男	ﾄｰﾓﾛｺｼ	ﾄｰﾓﾛｺｼ	ｹﾝｹﾝ	ｹﾝｹﾝ	"ﾋﾞﾘ,ﾋﾞﾘｹﾂ,ﾋﾞﾘｯｹﾂ,ﾄﾞﾝｹﾂ"	ﾋﾞﾘｯｹﾂ	ﾅｲｼｭｯｹﾂｶﾞﾃﾞｷﾙ	ﾅｲｼｭｯｹﾂ	ｶﾞ	ﾃﾞｷﾙ	ﾅｲｼｭｯｹﾂｶﾞﾃﾞｷﾏｼﾀ
10	NI1610	水橋	高	75	13:00	1	1931	女	"ﾄｰﾓﾛｺｼ,ﾄﾉﾏﾒ"	ﾄｰﾓﾛｺｼ	ﾁﾝｶﾗ	ｶﾀｱｼﾄﾋﾞ	ﾋﾞﾘ	ﾋﾞﾘ	ｸﾛｰﾅｯﾀ	NN	NN	ｸﾛｰﾅｯﾀ	NR
10	NI1610	水橋	中	54	10:20	1	1951	男	ﾄｰﾓﾛｺｼ	ﾄｰﾓﾛｺｼ	NR	ｶﾀｱｼﾄﾋﾞ	"ﾋﾞﾘ,ﾄﾞﾝｹﾂ,ﾋﾞﾘｯｹﾂ"	ﾋﾞﾘ	"ｱｵｱｻﾞｶﾞﾃﾞｷﾙ,ｼﾇ"	"ｱｵｱｻﾞ,NN"	"ｶﾞ,NN"	"ﾃﾞｷﾙ,ｼﾇ"	ｱｵｱｻﾞｶﾞﾃﾞｷﾙ
10	NI1610	水橋	若	37	13:30	3	1969	男	"ﾄﾉﾏﾒ,ﾄｰﾓﾛｺｼ"	ﾄｰﾓﾛｺｼ	"ｹﾝｹﾝ,ｹﾝｹﾝﾊﾟｰ"	ｹﾝｹﾝ	ｹﾞｯﾎﾟ	ﾋﾞﾘ	"ｱｻﾞﾆﾅﾙ,ｱｵﾀﾝﾆﾅﾙ,ｱｵｱｻﾞﾆﾅﾙ"	"ｱｻﾞ,ｱｵﾀﾝ,ｱｵｱｻﾞ"	ﾆ	ﾅﾙ	ｱｻﾞﾆﾅﾙ
10	NI1610	水橋	少	18	10:30	1	1988	女	ﾄｰﾓﾛｺｼ	ﾄｰﾓﾛｺｼ	ｹﾝｹﾝﾄﾋﾞ	ｶﾀｱｼﾄﾋﾞ	ﾋﾞﾘ	ﾋﾞﾘ	ｱｻﾞｶﾞﾃﾞｷﾙ	ｱｻﾞ	ｶﾞ	ﾃﾞｷﾙ	ｱｻﾞｶﾞﾃﾞｷﾙ
11	NI1611	東富山	高	71	14:35	1	1933	男	ﾄﾅﾜ	ﾄｰｷﾋﾞ	ｹﾝｹﾝ	ｹﾝｹﾝ	"ｹﾞｯﾄｸｿ,ｹﾞｽｯﾎﾟ"	ﾄﾞﾝﾋﾞﾘ		"NN,ｳﾁﾐ"	"NN,ﾆ"	"ｱｵｸﾅﾙ,ﾅﾙ"	
11	NI1611	東富山	中	56	13:42	1	1948	男	ﾄﾅﾜ	ﾄｰﾓﾛｺｼ	ｹﾝｹﾝ	ｹﾝｹﾝ	"ﾄﾞﾝｹﾂ,ｹﾞｯﾎﾟ,ｹﾞｽｯﾎﾟ"	ﾋﾞﾘ		"ｱｵｱｻﾞ,ｱｻﾞ"	"φ,ｶﾞ"	"ﾃﾞｷﾙ,ﾃﾞｷﾙ"	
11	NI1611	東富山	若	36	11:36	3<東富山>	1968	男	ﾄﾅﾜ	ﾄｰﾓﾛｺｼ	ｹﾝｹﾝ	ｹﾝｹﾝ	"ﾋﾞﾘ,ﾄﾞﾝｹﾂ"	ﾋﾞﾘ		NN	NN	ｱｼｶﾞｼﾇ	
11	NI1611	東富山	少	13	16:46	1	1991	男	ﾄｰﾓﾛｺｼ	ﾄｰﾓﾛｺｼ	ｹﾝｹﾝ	ｹﾝｹﾝ	ﾋﾞﾘ	ﾋﾞﾘ		"ｱｻﾞ,NN"	"ｶﾞ,NN"	"NR,ｱｵｸﾅﾙ"	
11	NI1611	東富山	高	78	10:17	3	1928	男	"ﾄｰﾓﾛｺｼ,ﾄｰﾅﾜ"	ﾄｰﾓﾛｺｼ	"ｹﾝｹﾝ,ｹﾝｹﾝﾄﾋﾞ,ﾋﾟｮﾝﾋﾟｮﾝﾄﾋﾞ"	ｶﾀｱｼﾃﾞﾄﾌﾞ	ｹﾞｯﾎﾟ	ﾋﾞﾘ	"ｳﾁﾐｶﾞﾃﾞｷﾙ,ｱｻﾞｶﾞﾃﾞｷﾙ"	"ｳﾁﾐ,ｱｻﾞ"	ｶﾞ	ﾃﾞｷﾙ	"ｳﾁﾐｶﾞﾃﾞｷﾙ,ｱｻﾞｶﾞﾃﾞｷﾙ"
11	NI1611	東富山	中	50	13:00	3	1956	男	"ﾄｰｷﾋﾞ,ﾄｰﾓﾛｺｼ,ﾄﾅﾜ"	ﾄｰﾓﾛｺｼ	"ﾁﾝｶﾗｶｸ,ﾁﾝｶﾗｵｶｸ"	ｶﾀｱｼﾄﾋﾞ	"ｹﾞｯﾎﾟ,ｹﾞｽｯﾎﾟ"	"ﾋﾞﾘ,ｻｲｺﾞ"	ｱｵﾅｯﾀ	NN	NN	ｱｵﾅｯﾀ	ｳﾁﾐ
11	NI1611	東富山	若	35	13:40	1	1971	女	ﾄｰﾓﾛｺｼ	ﾄｰﾓﾛｺｼ	ｹﾝｹﾝ	ｹﾝｹﾝ	ﾋﾞﾘｯｹﾂ	ｻｲｺﾞ	"ｱｵﾀﾝｶﾞﾃﾞｷﾙ,ｱｵﾀﾝﾃﾞｷﾀ"	ｱｵﾀﾝ	"ｶﾞ,φ"	"ﾃﾞｷﾙ,ﾃﾞｷﾀ"	ｱｵﾀﾝｶﾞﾃﾞｷﾙ
11	NI1611	東富山	少	18	14:45	1	1988	女	ﾄｰﾓﾛｺｼ	ﾄｰﾓﾛｺｼ	ｹﾝｹﾝ	ｶﾀｱｼﾄﾋﾞ	"ﾋﾞﾘ,ﾋﾞﾘｯｹﾂ"	ﾋﾞﾘｯｹﾂ	ｱｵｱｻﾞｶﾞﾃﾞｷﾙ	ｱｵｱｻﾞ	ｶﾞ	ﾃﾞｷﾙ	ｱｻﾞｶﾞﾃﾞｷﾙ
12	NI1612	TOYAMA	高	70	10:35	1	1934	男	ﾄｰｷﾋﾞ	ﾄｰﾓﾛｺｼ	ｶﾀｱｼﾄﾋﾞ	ｶﾀｱｼﾄﾋﾞ	ｹﾞｯﾄｸｿ	ﾋﾞﾘ		NN	NN	ｼﾝﾀﾞ	
12	NI1612	TOYAMA	中	55	13:00	3<富山市岩瀬>	1948	男	ﾄｰﾓﾛｺｼ	ﾄｰﾓﾛｺｼ	ｹﾝｹﾝﾄﾋﾞ	ｶﾀｱｼﾄﾋﾞ	ｹﾞｯﾄｸｿ	ｻｲｺｰﾋﾞ		ｱｵｱｻﾞ	ﾆ	ﾅﾙ	
12	NI1612	TOYAMA	若	38	18:01	1	1966	男	ﾄｰﾓﾛｺｼ	ﾄｰﾓﾛｺｼ	ｹﾝｹﾝ	ｹﾝｹﾝ	"ﾋﾞﾘ,ｹﾞｯﾎﾟ"	ﾋﾞﾘ		ｱｻﾞ	ｶﾞ	ﾃﾞｷﾙ	
12	NI1612	TOYAMA	少	14	14:10	1	1989	男	ﾄｰﾓﾛｺｼ	ﾄｰﾓﾛｺｼ	ｹﾝｹﾝ	ｹﾝｹﾝ	ﾋﾞﾘ	ﾋﾞﾘ		ｱｵｱｻﾞ	ｶﾞ	ﾃﾞｷﾙ	
12	NI1612	TOYAMA	高	75	10:00	3	1931	男	"ﾄｰｷﾋﾞ,ﾄｰﾅﾜ,ﾄﾅﾜ"	ﾄｰﾅﾜ	NR	NR	"ｹﾞｽ,ﾋﾞﾘ,ｹﾞｯﾄｸｿ"	"ﾋﾞﾘ,ﾋﾞﾘｹﾂ"	ﾁﾏﾒﾃﾞｷﾙ	ﾁﾏﾒ	φ	ﾃﾞｷﾙ	ｱｻﾞﾃﾞｷﾙ
12	NI1612	TOYAMA	中	56	14:00	3	1950	女	ﾄｰﾓﾛｺｼ	ﾄｰﾓﾛｺｼ	ｹﾝｹﾝ	"ｹﾝｹﾝ,ｶﾀｱｼﾄﾋﾞ"	"ﾋﾞﾘ,ｹﾞｯﾄ"	ﾋﾞﾘ	"ｳﾁﾐﾆﾅｯﾀ,ｱｵﾀﾝﾆﾅｯﾀ"	"ｳﾁﾐ,ｱｵﾀﾝ"	ﾆ	ﾅｯﾀ	ｳﾁﾐ
12	NI1612	TOYAMA	若	37	10:00	3	1969	女	ﾄｰﾓﾛｺｼ	ﾄｰﾓﾛｺｼ	ｹﾝｹﾝ	ｹﾝｹﾝ	"ｹﾞｯﾎﾟ,ﾋﾞﾘ"	ﾋﾞﾘ	"ｱｻﾞﾆﾅﾙ,ｱｵｱｻﾞﾆﾅﾙ,ｳｯﾃｲﾛｶﾜｯﾀ"	"ｱｻﾞ,ｱｵｱｻﾞ"	"ﾆ,φ"	"ﾅﾙ,ｲﾛｶﾜｯﾀ"	"ｳﾁﾐ,ｱｻﾞ"
12	NI1612	TOYAMA	少	20	13:15	99<石川県大聖寺>	1986	女	"ﾄｰﾓﾛｺｼ,ﾄｰｷﾋﾞ"	ﾄｰﾓﾛｺｼ	ｹﾝｹﾝ	"ｶﾀｱｼﾄﾋﾞ,ｹﾝｹﾝ"	"ｹﾞｽｯﾎﾟ,ﾋﾞﾘ"	ﾋﾞﾘ	"ｱｻﾞﾝﾅﾙ,ｼﾝﾀﾞ"	"ｱｻﾞ,NN"	"ﾝ,NN"	"ﾅﾙ,ｼﾝﾀﾞ"	ｱｻﾞﾝﾅﾙ
13	NI1613	呉羽	高	72	13:17	2	1931	男	ﾄﾅﾜ	ﾄｰﾓﾛｺｼ	ﾋﾟｮﾝﾋﾟｮﾝ	ﾋﾟｮﾝﾋﾟｮﾝ	ｹﾞｽｯﾎﾟ	"ｹﾞｽｯﾎﾟ,ｻｲｺﾞ"		ｱｻﾞ	ﾆ	ﾅﾙ	
13	NI1613	呉羽	中	54	11:06	1	1950	男	ﾄｰﾓﾛｺｼ	ﾄｰﾓﾛｺｼ	ﾁﾝｶﾀ	ｶﾀｱｼﾄﾋﾞ	ｹﾞｽ	ｻｲｺｰﾋﾞ		NN	NN	ｼﾝﾄﾞﾙ	
13	NI1613	呉羽	若	33	9:06	1	1971	男	ﾄｰﾓﾛｺｼ	ﾄｰﾓﾛｺｼ	ｹﾝｹﾝ	ｹﾝｹﾝ	"ﾋﾞﾘ,ﾄﾞﾝｹﾂ,ﾄﾞﾍﾞ"	ﾋﾞﾘ		ｱｵｱｻﾞ	ﾆ	ﾅﾙ	
13	NI1613	呉羽	少	14	15:55	1	1990	男	ﾄｰﾓﾛｺｼ	ﾄｰﾓﾛｺｼ	ｶﾀﾄﾋﾞ	ｶﾀｱｼﾄﾋﾞ	ﾋﾞﾘ	ﾋﾞﾘ		ｱｻﾞ	ｶﾞ	ﾃﾞｷﾀ	
13	NI1613	呉羽	高	75	15:20	1	1931	男	"ﾄｰﾓﾛｺｼ,ﾄｰｷﾋﾞ,ﾄﾅﾜ"	ﾄｰﾓﾛｺｼ	"ｹﾝｹﾝ,ｶﾀｱｼﾄﾋﾞ"	ｹﾝｹﾝ	ﾋﾞﾘ	ﾋﾞﾘ	"ｱｻﾞﾃﾞｷﾀ,ｱｵﾀﾝ,ｳﾁﾐ,ｼﾝﾀﾞ"	"ｱｻﾞ,ｱｵﾀﾝ,ｳﾁﾐ,NN"	"φ,NN"	"ﾃﾞｷﾀ,ｼﾝﾀﾞ"	"ｼﾝﾀﾞ,ｳﾁﾐﾅｯﾀ"
13	NI1613	呉羽	中	58	13:30	1	1948	男	"ﾄｰﾓﾛｺｼ,ﾄﾅﾜ"	ﾄｰﾓﾛｺｼ	"ｶﾀｱｼﾄﾋﾞ,ｹﾝｹﾝ"		"ｹﾂ,ﾋﾞﾘ,ｹﾞｯﾄｸｿ"	ｹﾂ	"ﾀﾞﾎﾞｸｼﾀ,ｼﾇ,ｼﾝﾀﾞ"	NN	NN	"ﾀﾞﾎﾞｸｼﾀ,ｼﾇ,ｼﾝﾀﾞ"	ﾀﾞﾎﾞｸｼﾀ
13	NI1613	呉羽	若	32	15:30	1	1975	男	ﾄｰﾓﾛｺｼ	ﾄｰﾓﾛｺｼ	ｹﾝｹﾝ	ｹﾝｹﾝ	"ｹﾞｯﾎﾟ,ﾋﾞﾘ,ｹﾞｽ"	ﾋﾞﾘ	ｱｵﾀﾝﾆﾅﾙ	ｱｵﾀﾝ	ﾆ	ﾅﾙ	ｱｵﾀﾝﾆﾅﾙ
13	NI1613	呉羽	少	18	14:45	99<新潟>	1988	女	ﾄｰﾓﾛｺｼ	ﾄｰﾓﾛｺｼ	ｹﾝｹﾝﾊﾟｽﾙ	ｶﾀｱｼﾄﾋﾞ	"ﾋﾞﾘ,ﾋﾞﾘｹﾂ"	ﾋﾞﾘ	ｱｻﾞｶﾞﾃﾞｷﾙ	ｱｻﾞ	ｶﾞ	ﾃﾞｷﾙ	ｱｻﾞｶﾞﾃﾞｷﾙ
14	NI1614	小杉	高	75	19:30	2<射水市稲積>	1929	男	"ﾄｰﾓﾛｺｼ,ﾄﾅﾜ"	ﾄｰﾓﾛｺｼ	ｹﾝｹﾝ	NR	ｹﾞｯﾄ	NR		"ｱｻﾞ,ｱｻﾞ,NN"	"ﾆ,φ,NN"	"ﾅﾙ,ﾅｯﾀ,ｼﾇ"	
14	NI1614	小杉	中	57	16:17	1	1947	男	ﾄﾅﾜ	ﾄｰﾓﾛｺｼ	ｹﾝｹﾝ	ｶﾀｱｼﾄﾋﾞ	"ﾋﾞﾘ,ｹﾞｯﾄ,ｹﾞｯﾄｸｿ,ﾄﾞﾝﾍﾞ"	"ﾋﾞﾘ,ｹﾞｯﾄ,ｹﾞｯﾄｸｿ,ﾄﾞﾝﾍﾞ"		"ｱｻﾞ,NN"	"φ,NN"	"ﾃﾞｷﾙ,ｼﾇ"	
14	NI1614	小杉	若	34	14:47	1	1970	男	ﾄｰﾓﾛｺｼ	ﾄｰﾓﾛｺｼ	ｹﾝｹﾝ	ｶﾀｱｼﾄﾋﾞ	ｹﾞｯﾄ	ﾋﾞﾘ		ｱｻﾞ	ﾆ	ﾅﾙ	
14	NI1614	小杉	少	15	13:10	99<高岡市>	1989	男	ﾄｰﾓﾛｺｼ	ﾄｰﾓﾛｺｼ	ｹﾝｹﾝ	ｶﾀｱｼﾄﾋﾞ	ﾋﾞﾘｯｹﾂ	ﾋﾞﾘ		"ｱｵｱｻﾞ,ｱｻﾞ"	"φ,φ"	"ﾅｯﾀ,ﾅｯﾀ"	
14	NI1614	小杉	高	82	15:30	1	1924	女	ﾄﾅﾜ	ﾄﾅﾜ	ｹﾝｹﾝ	ｹﾝｹﾝ	"ｹﾞｯﾄ,ｹﾞｯﾄｸｿ"	"ｼﾘ,ｼﾘｯﾎﾟ"	ｱｻﾞｶﾞﾃﾞｷﾙ	ｱｻﾞ	ｶﾞ	ﾃﾞｷﾙ	ｳﾁﾐﾆﾅﾙ
14	NI1614	小杉	中	52	13:16	1	1954	女	"ﾅﾝﾊﾞ,ﾄｰﾓﾛｺｼ,ﾄﾅﾜ"	ﾄｰﾓﾛｺｼ	ｹﾝｹﾝ	ｹﾝｹﾝ	"ｹﾞｯﾄ,ｹﾞｯﾄｸｿ"	ﾋﾞﾘ	"ｱｵｱｻﾞｶﾞﾃﾞｷﾙ,ｶﾂｶｯﾀ,ｼﾝﾀﾞ"	"ｱｵｱｻﾞ,NN"	"ｶﾞ,NN"	"ﾃﾞｷﾙ,ｼﾝﾀﾞ"	ｼﾝﾀﾞ
14	NI1614	小杉	若	38	13:13	1	1968	女	ﾄﾅﾜ	ﾄｰﾓﾛｺｼ	ｹﾝｹﾝ	ｶﾀｱｼﾄﾋﾞ	"ｹﾞｯﾄ,ｻｲｺﾞ,ｹﾞｯﾄｸｿ"	"ﾋﾞﾘ,ｻｲｺﾞ"	ｺｺｶﾞｼﾇ	NN	NN	ｺｺｶﾞｼﾇ	ｱｻﾞｶﾞﾃﾞｷﾙ
14	NI1614	小杉	少	19	15:42	1	1987	女	ﾄｰﾓﾛｺｼ	ﾄｰﾓﾛｺｼ	ｹﾝｹﾝ	ｶﾀｱｼﾄﾋﾞ	"ﾋﾞﾘ,ﾋﾞﾘｹﾂ"	"ﾋﾞﾘ,ｻｲｶｲ"	ｱｵｱｻﾞｶﾞﾃﾞｷﾙ	ｱｵｱｻﾞ	ｶﾞ	ﾃﾞｷﾙ	"ｳﾁﾐｵｽﾙ,ｱｵｱｻﾞｶﾞﾃﾞｷﾙ"
15	NI1615	越中大門	高	70	10:00	99<高岡市>	1936	男	ﾄﾅﾜ	ﾄｰﾓﾛｺｼ	ｹﾝｹﾝ	ｹﾝｹﾝ	ｹﾞｯﾄｸｿ	ﾋﾞﾘ	ｼﾇ	NN	NN	ｼﾇ	ｼﾇ
15	NI1615	越中大門	中	52	14:00	1	1954	男	"ﾄｰﾓﾛｺｼ,ﾄﾅﾜ"	ﾄｰﾓﾛｺｼ	ｹﾝｹﾝ	ｹﾝｹﾝ	"ﾋﾞﾘ,ｹﾂｯﾎﾟ,ｻｲｺﾞ"	ｻｲｶｲ	ｼﾇ	NN	NN	ｼﾇ	ｱｻﾞｶﾞﾃﾞｷﾙ
15	NI1615	越中大門	若	32	15:00	1	1974	男	"ﾄｰﾓﾛｺｼ,ﾄｰｷﾋﾞ,ﾄﾅﾜ"	ﾄｰﾓﾛｺｼ	ｹﾝｹﾝ	ｹﾝｹﾝ	"ﾋﾞﾘ,ﾋﾞﾘｯｹﾂ"	ﾋﾞﾘ	ｱｻﾞｶﾞﾃﾞｷﾙ	ｱｻﾞ	ｶﾞ	ﾃﾞｷﾙ	ｱｻﾞｶﾞﾃﾞｷﾙ
15	NI1615	越中大門	少	19	14:30	1	1987	女	ﾄｰﾓﾛｺｼ	ﾄｰﾓﾛｺｼ	ｹﾝｹﾝ	ｹﾝｹﾝ	ﾋﾞﾘｹﾂ	ﾋﾞﾘ	ｱｻﾞｶﾞﾃﾞｷﾙ	ｱｻﾞ	ｶﾞ	ﾃﾞｷﾙ	ｱｻﾞｶﾞﾃﾞｷﾙ
16	NI1616	高岡	高	78	13:00	3	1928	男	"ﾄﾅﾜ,ﾄｰﾓﾛｺｼ"	ﾄｰﾓﾛｺｼ	NR	ｶﾀｱｼﾄﾋﾞ	"ﾋﾞﾘ,ｹﾞｯﾄ"	"ｻｲｺﾞ,ｻｲｶｲ,ｻｲｺｰﾋﾞ"	"ｽﾞﾏｸﾞﾛｸﾅﾙ,ｽﾞﾏｸﾞﾛｰﾅﾙ,ｱｵｸｼﾝﾀﾞ"	NN	NN	"ｽﾞﾏｸﾞﾛｸﾅﾙ,ｽﾞﾏｸﾞﾛｰﾅﾙ,ｱｵｸｼﾝﾀﾞ"	"ﾀﾞﾎﾞｸｼﾀ,ｱｻﾞﾆﾅｯﾀ"
16	NI1616	高岡	中	50	16:30	3	1955	男	ﾄｰﾓﾛｺｼ	ﾄｰﾓﾛｺｼ	ｹﾝｹﾝ	ｹﾝｹﾝ	"ｹﾞｯﾄ,ﾋﾞﾘ,ﾄﾞﾝﾍﾞ,ﾄﾞﾍﾞ"	"ｻｲｶｲ,ﾋﾞﾘ"	ｱｻﾞﾆﾅﾙ	ｱｻﾞ	ﾆ	ﾅﾙ	ｱｻﾞﾆﾅﾙ
16	NI1616	高岡	若	30	16:15	3	1976	男	ﾄｰﾓﾛｺｼ	ﾄｰﾓﾛｺｼ	ｹﾝｹﾝ	ｹﾝｹﾝ	"ﾋﾞﾘ,ｹﾞｽ"	ｻｲｺﾞ	ｱｻﾞｶﾞﾃﾞｷﾙ	ｱｻﾞ	ｶﾞ	ﾃﾞｷﾙ	ｱｻﾞｶﾞﾃﾞｷﾙ
16	NI1616	高岡	少	20	19:15	1	1986	女	ﾄｰﾓﾛｺｼ	ﾄｰﾓﾛｺｼ	ｹﾝﾊﾟ	"ｶﾀｱｼﾄﾋﾞ,ｹﾝﾊﾟ"	"ﾋﾞﾘ,ﾄﾞﾝｹﾂ"	ｻｲｶｲ	ｼﾝﾀﾞ	NN	NN	ｼﾝﾀﾞ	"ﾅｲｯｼｭｹﾂｼﾀ,ﾅｲｼｭｯｹﾂｼﾃﾙ"
17	NI1617	西高岡	高	85	15:15	1	1921	男	ﾄﾅﾜ	ﾄｰﾓﾛｺｼ	ﾏﾙﾄﾝ	ﾏﾙﾄﾝ	ｹﾂ	NR	"ｼﾝﾀﾞ,ｼﾝﾄﾞﾙ"	NN	NN	"ｼﾝﾀﾞ,ｼﾝﾄﾞﾙ"	ｼﾝﾀﾞ
17	NI1617	西高岡	中	50	13:55	3	1956	女	ﾄｰﾓﾛｺｼ	ﾄｰﾓﾛｺｼ	ｹﾝｹﾝ	ｶﾀｱｼﾄﾋﾞ		"ﾋﾞﾘ,ｹﾞｯﾄ"	ｼﾇ	NN	NN	ｼﾇ	ｱｵｱｻﾞｶﾞﾃﾞｷﾙ
17	NI1617	西高岡	若	31	12:00	1	1976	男	ﾄｰﾓﾛｺｼ	ﾄｰﾓﾛｺｼ	"ｹﾝﾊﾟ,ｹﾝｹﾝ"	"ｹﾝﾊﾟ,ｹﾝｹﾝ"	ｹﾞｯﾄｸｿ	ﾋﾞﾘ	"ｱｵﾀﾝｶﾞﾃﾞｷﾙ,ｼﾝﾀﾞ"	"ｱｵﾀﾝ,NN"	"ｶﾞ,NN"	"ﾃﾞｷﾙ,ｼﾝﾀﾞ"	ｱｻﾞｶﾞﾃﾞｷﾀ
17	NI1617	西高岡	少	19	13:00	1	1987	男	ﾄｰﾓﾛｺｼ	ﾄｰﾓﾛｺｼ	ｹﾝｹﾝ	ｹﾝｹﾝ	ｹﾞﾋﾞ	ｹﾞﾋﾞ	ｱｻﾞｶﾞﾃﾞｷﾙ	ｱｻﾞ	ｶﾞ	ﾃﾞｷﾙ	ｱｻﾞｶﾞﾃﾞｷﾙ
18	NI1618	福岡	高	75	10:02	1	1929	男	ﾄﾅﾜ	ﾄｰﾓﾛｺｼ	ｹﾝｹﾝ	"ｹﾝｹﾝ,ｶﾀｱｼﾄﾋﾞ"	"ﾋﾞﾘ,ﾄﾞﾝｹﾂ,ﾄﾞﾝｼﾞﾘ,ｵﾁﾍﾞﾀ"	"ﾋﾞﾘ,ﾋﾟﾘ"		"ｱｻﾞ,NN"	"ｶﾞ,NN"	"ﾃﾞﾀ,ｼﾝﾀﾞ"	
18	NI1618	福岡	中	52	13:16	2<福岡駅附近>	1951	男	ﾄﾅﾜ	ﾄｰﾓﾛｺｼ	ｹﾝｹﾝ	ｶﾀｱｼﾄﾋﾞ	ｹﾞｯﾄｸｿ	ﾋﾞﾘ		"ｱｵｱｻﾞ,ｱｻﾞ"	"φ,φ"	"ﾃﾞｷﾙ,ﾃﾞｷﾙ"	
18	NI1618	福岡	若	38	17:06	1	1965	男	ﾄﾅﾜ	ﾄｰﾓﾛｺｼ	ｹﾝｹﾝ	ｹﾝｹﾝ	"ﾋﾞﾘ,ｹﾞｽ"	ﾋﾞﾘ		"ｱｵﾀﾝ,ｱｻﾞ"	"φ,ﾆ"	"ﾂｸﾙ,ﾅﾙ"	
18	NI1618	福岡	少	13	14:59	1	1991	男	ﾄｰﾓﾛｺｼ	ﾄｰﾓﾛｺｼ	ｹﾝｹﾝ	ｹﾝｹﾝ	ﾋﾞﾘ	NR		ｱｻﾞ	φ	ﾃﾞｷﾙ	
18	NI1618	福岡	高	71	9:00	3	1935	男	ﾄｰｷﾋﾞ	ﾄｰﾓﾛｺｼ	ﾃﾝﾃﾝ	ｶﾀｱｼﾃﾞﾄﾌﾞ	"ｹﾞｯﾄｸｿ,ﾍﾟﾘ,ｹﾞｽ,ｲﾁﾊﾞﾝｼﾘ"	"ｹﾞｯﾄｸｿ,ﾍﾟﾘ,ｹﾞｽ"	ｼﾝﾀﾞ	NN	NN	ｼﾝﾀﾞ	ｼﾝﾀﾞ
18	NI1618	福岡	中	51	17:00	99<高岡市戸出>	1955	男	ﾄｰﾓﾛｺｼ	ﾄｰﾓﾛｺｼ	ｹﾝｹﾝﾊﾟ	NR	ﾋﾞﾘ	ﾋﾞﾘ	ｱｻﾞﾃﾞｷﾙ	ｱｻﾞ	φ	ﾃﾞｷﾙ	ﾋｶｼｭｯｹﾂ
18	NI1618	福岡	若	33	13:00	2	1973	男	ﾄｰﾓﾛｺｼ	ﾄｰﾓﾛｺｼ	ｹﾝｹﾝ	ｹﾝｹﾝ	"ｹﾂ,ﾄﾞﾝｹﾂ"	ﾋﾞﾘ	"ｼﾝﾀﾞ,ｼﾇ"	NN	NN	"ｼﾝﾀﾞ,ｼﾇ"	ﾋｶｼｭｯｹﾂ
18	NI1618	福岡	少	15	9:40	1	1991	男	ﾄｰﾓﾛｺｼ	ﾄｰﾓﾛｺｼ	ｹﾝｹﾝ	ｶﾀｱｼﾄﾋﾞ	"ﾋﾞﾘ,ﾋﾞﾘｯｹﾂ"	ﾋﾞﾘ	"ｱｻﾞｶﾞﾃﾞｷﾙ,ｱｻﾞﾆﾅﾙ"	ｱｻﾞ	"ｶﾞ,ﾆ"	"ﾃﾞｷﾙ,ﾅﾙ"	"ｱｻﾞｶﾞﾃﾞｷﾙ,ｱｻﾞﾆﾅﾙ"
19	NI1619	石動	高	82	14:20	2	1924	女	ﾄｰﾓﾛｺｼ	"ﾄｰﾓﾛｺｼ,ﾄｰｷﾋﾞ,ﾄﾅﾜ"	ｶﾀｱｼﾄﾋﾞ	"ｶﾀｱｼﾄﾋﾞ,ｹﾝｹﾝ"	"ﾍﾞｯﾄ,ｹﾞｽｯﾎﾟ,ｹﾂ"	ﾍﾞｯﾄ	"ｼﾝﾀﾞ,ｱｵﾀﾝ"	"NN,ｱｵﾀﾝ"	"NN,NN"	"ｼﾝﾀﾞ,NN"	"ｼﾝﾀﾞ,ｱｻﾞﾆﾅﾙ"
19	NI1619	石動	中	53	14:00	3	1953	男	ﾄｰﾓﾛｺｼ	ﾄｰﾓﾛｺｼ	ｹﾝｹﾝ	ｹﾝｹﾝ	"ﾍﾞｯﾄ,ｹﾞｯﾄ,ｹﾞｯﾄｸｿ,ﾍﾞｯﾄｸｿ"	ｻｲｶｲ	"ｱｻﾞｶﾞﾃﾞｷﾙ,ｱｵｱｻﾞｶﾞﾃﾞｷﾙ"	"ｱｻﾞ,ｱｵｱｻﾞ"	ｶﾞ	ﾃﾞｷﾙ	ｱｻﾞｶﾞﾃﾞｷﾙ
19	NI1619	石動	若	36	14:50	3	1971	女	"ﾄｰﾓﾛｺｼ,ｺｰﾝ"	ﾄｰﾓﾛｺｼ	ｹﾝｹﾝﾄﾋﾞ	ｶﾀｱｼﾄﾋﾞ	"ﾋﾞﾘｯｹﾂ,ｹﾞｯﾄ"	ﾋﾞﾘ	ｼﾝﾃﾞﾙ	NN	NN	ｼﾝﾃﾞﾙ	ｱｻﾞﾆﾅﾙ
19	NI1619	石動	少	19	12:50	1	1987	女	"ﾄｰﾓﾛｺｼ,ｺｰﾝ"	ﾄｰﾓﾛｺｼ	ｹﾝｹﾝ	ｹﾝｹﾝ	"ﾋﾞﾘ,ｹﾞｯﾋﾟ,ｹﾞｯﾁｮ"	ﾋﾞﾘ	"ｱｵｱｻﾞｶﾞﾃﾞｷﾙ,ｳﾁﾐﾆﾅﾙ,ｼﾇ"	"ｱｵｱｻﾞ,ｳﾁﾐ,NN"	"ｶﾞ,ﾆ,NN"	"ﾃﾞｷﾙ,ﾅﾙ,ｼﾇ"	ｱｵｱｻﾞｶﾞﾃﾞｷﾙ
20	NI1701	倶利伽羅	高	74	10:10	1<津幡町刈安>	1934	男	ﾄｰﾓﾛｺｼ	ｺｰﾝ	"ｶﾀｱｼﾄﾋﾞ,ｹﾝｹﾝﾄﾋﾞ"	ｶﾀｱｼﾄﾋﾞ	NR	NR		ｱｻﾞ	ｶﾞ	ﾃﾞｷﾙ	
20	NI1701	倶利伽羅	中	57	10:00	1<津幡町大熊>	1951	男	"ﾄｰﾓﾛｺｼ,(ﾄｰｷﾋﾞ"	ﾄｰﾓﾛｺｼ	ｹﾝｹﾝｽﾙ	ｶﾀｱｼﾄﾋﾞ	ﾋﾞﾘ	ﾋﾞﾘ		ｱｵｱｻﾞ	ｶﾞ	ﾃﾞｷﾙ	
20	NI1701	倶利伽羅	若	22	10:00	1<津幡町原ニ>	1986	男	ﾄｰﾓﾛｺｼ	ﾄｰﾓﾛｺｼ	ｹﾝｹﾝ	ｹﾝｹﾝ	ｹﾞﾍﾞ	ｲﾁﾊﾞﾝｻｲｺﾞ		ｱｻﾞ	ｶﾞ	ﾃﾞｷﾙ	
20	NI1701	倶利伽羅	少	13	13:00	1	1995	男	ﾄｰﾓﾛｺｼ	ﾄｰﾓﾛｺｼ	ｹﾝｹﾝ	"ｹﾝｹﾝ,ｶﾀｱｼﾃﾞﾄﾌﾞｺﾄ"	ﾋﾞﾘ	"ﾋﾞﾘ,ｻｲｺﾞ"		ｱｻﾞ	φ	ﾃﾞｷﾙ	
21	NI1702	津幡	高	72	14:10	3	1936	男	"ﾄｰﾓﾛｺｼ,ﾄｰｷﾋﾞ"	ﾄｰﾓﾛｺｼ	"ｶﾀｱｼﾄﾋﾞ,ﾄﾝﾄﾝ"	ｶﾀｱｼﾄﾋﾞ	"ﾋﾞﾘ,ｹﾞｯﾄ,ｹﾞｯﾄｸｿ"	ﾋﾞﾘ		"ｱｻﾞ,NN"	"ﾆ,NN"	"ﾅﾙ,ｼﾇ"	
21	NI1702	津幡	中	59	14:10	3	1949	男	ﾄｰｷﾋﾞ	ﾄｰﾓﾛｺｼ	ｹﾝｹﾝ	ｶﾀｱｼﾃﾞﾊﾈﾙ	ｹﾞｯﾍﾟ	ﾋﾞﾘ		"ｱｻﾞ,NN"	"ﾆ,NN"	"ﾅﾙ,ｼﾝﾄﾞﾙ"	
21	NI1702	津幡	若	34	13:30	1<津幡町南中条>	1974	男	ﾄｰｷﾋﾞ	ﾄｰﾓﾛｺｼ	ｹﾝｹﾝ	ｹﾝｹﾝ	ﾄﾞﾝｹﾂ	ﾋﾞﾘ		NN	NN	ｼﾇ	
21	NI1702	津幡	少	13	16:00	1	1995	男	ﾄｰﾓﾛｺｼ	ﾄｰﾓﾛｺｼ	ｹﾝｹﾝ	ｶﾀｱｼﾄﾋﾞ	ｹﾞﾍﾞ	ｻｲｺﾞ		NN	NN	ｼﾝﾀﾞ	
22	NI1703	森本	高	72	10:00	"1<北森本,現：南森本>"	1935	女	ﾄｰﾓﾛｺｼ	ﾄｰﾓﾛｺｼ	"ｶﾀｱｼﾄﾋﾞ,ｹﾝｹﾝ"	ｶﾀｱｼﾄﾋﾞ	ｹﾞｯﾄ	ｹﾞｯﾄ		NN	NN	ｼﾝﾀﾞ	
22	NI1703	森本	中	57	10:03	1	1951	男	"ﾄｰﾓﾛｺｼ,(ﾄｰｷﾋﾞ"	ﾄｰﾓﾛｺｼ	ｹﾝｹﾝ	ｹﾝｹﾝ	"ｹﾞｽﾍﾞﾀ,ｹﾞｯﾄ"	ﾋﾞﾘ		ｱｻﾞ	ｶﾞ	ﾃﾞｷﾙ	
22	NI1703	森本	若	36	10:00	1	1972	男	ﾄｰﾓﾛｺｼ	ﾄｰﾓﾛｺｼ	ｹﾝｹﾝ	ｹﾝｹﾝ	ｹﾞﾍﾞ	ﾄﾞﾍﾞ		"ｱｵﾀﾝ,ｱｵｼﾞ"	ｶﾞ	ﾃﾞｷﾙ	
22	NI1703	森本	少	18	13:16	1	1990	女	ﾄｰﾓﾛｺｼ	ﾄｰﾓﾛｺｼ	ｹﾝｹﾝ	ｶﾀｱｼﾄﾋﾞ	ﾋﾞﾘ	"ｻｲｺﾞ,ｻｲｶｲ"		"ｱｻﾞ,ｱｵｱｻﾞ"	"ﾆ,ｶﾞ"	"ﾅﾙ,ﾃﾞｷﾙ"	
23	NI1705	KANAZAWA	高	79	13:55	1	1929	男	ﾄｰｷﾋﾞ	ﾄｰｷﾋﾞ	ｹﾝｹﾝ	ｶﾀｱｼﾄﾋﾞ	ｹﾞﾍﾞ	ﾋﾟﾘ		ｱｻﾞ	ﾆ	ﾅﾙ	
23	NI1705	KANAZAWA	中	54	14:00	1	1953	男	ﾄｰﾓﾛｺｼ	ﾄｰﾓﾛｺｼ	"ｶﾀｱｼﾄﾋﾞ,ｹﾝｹﾝ"	ｶﾀｱｼﾄﾋﾞ	ﾄﾞﾍﾞ	ﾋﾞﾘ		ｱｻﾞ	ｶﾞ	ﾃﾞｷﾙ	
23	NI1705	KANAZAWA	若	30	13:55	1	1978	男	ﾄｰｷﾋﾞ	ﾄｰﾓﾛｺｼ	ｹﾝｹﾝ	ｹﾝｹﾝ	ﾄﾞﾍﾞ	ﾋﾞﾘ		ｱｵﾀﾝ	ｶﾞ	ﾃﾞｷﾙ	
23	NI1705	KANAZAWA	少	18	9:57	1	1989	男	ﾄｰﾓﾛｺｼ	ﾄｰﾓﾛｺｼ	ｹﾝｹﾝ	ｹﾝｹﾝ	ﾋﾞﾘｯｹﾂ	ｻｲｶｲ		ｱｻﾞ	ｶﾞ	ﾃﾞｷﾙ	
23	NI1705	KANAZAWA	少	12	13:00	1	1996	男	ﾄｰﾓﾛｺｼ	ﾄｰﾓﾛｺｼ	ｹﾝｹﾝ	ｶﾀｱｼﾄﾋﾞ	"ﾋﾞﾘ,ｹﾞﾍﾞ"	ｻｲｺﾞ		NN	NN	ｱｵｸﾅｯﾀ	
24	NI1706	西金沢	高	71	10:00	1	1927	男	ﾄｰｷﾋﾞ	ﾄｰﾓﾛｺｼ	ｶﾀｱｼﾄﾋﾞ	ｶﾀｱｼﾄﾋﾞ	ｹﾞｽ	ｹﾞｽ		ｱｻﾞ	ﾆ	ﾅﾙ	
24	NI1706	西金沢	中	55	13:04	1	1952	男	ﾄｰﾓﾛｺｼ	ﾄｰﾓﾛｺｼ	ｹﾝｹﾝ	ｹﾝｹﾝ	ﾋﾞﾘ	ﾋﾞﾘ		NN	NN	"ｼﾇ,ｼﾝﾄﾞﾙ"	
24	NI1706	西金沢	若	36	10:00	1	1972	女	ﾄｰﾓﾛｺｼ	ﾄｰﾓﾛｺｼ	ｹﾝｹﾝ	ｹﾝｹﾝ	"ﾋﾞﾘ,ｻｲｺﾞ"	ﾋﾞﾘ		ｱｵﾀﾝ	ﾆ	ﾅﾙ	
24	NI1706	西金沢	少	14	13:00	1	1994	男	ﾄｰﾓﾛｺｼ	ﾄｰﾓﾛｺｼ	ｹﾝｹﾝ	ｶﾀｱｼﾃﾞｼﾞｬﾝﾌﾟ	ﾋﾞﾘ	ﾋﾞﾘ		ｱｻﾞ	ｶﾞ	ﾃﾞｷﾙ	
25	NI1707	野々市	高	78	13:55	99	1930	男	ﾄｰｷﾋﾞ	ﾄｰﾓﾛｺｼ	ｹﾝｹﾝ	ｹﾝｹﾝ	ﾋﾞﾘ	ｻｲｺﾞ		ｱｻﾞ	ﾆ	ﾅﾙ	
25	NI1707	野々市	中	58	14:00	2	1950	女	ﾄｰﾓﾛｺｼ	ﾄｰﾓﾛｺｼ	ｶﾀｱｼｹﾝｹﾝ	ｶﾀｱｼﾄﾋﾞ	ﾋﾞﾘｯｹﾂ	ﾋﾞﾘ		NN	NN	"ｼﾇ,ｼﾝﾀﾞ"	
25	NI1707	野々市	若	39	14:00	1	1969	女	ﾄｰﾓﾛｺｼ	ﾄｰﾓﾛｺｼ	ｹﾝｹﾝ	ｶﾀｱｼﾄﾋﾞ	ﾋﾞﾘ	ﾋﾞﾘ		ｱｵﾀﾝ	ｶﾞ	ﾃﾞｷﾙ	
25	NI1707	野々市	少	13	13:55	1	1994	女	ﾄｰﾓﾛｺｼ	ﾄｰﾓﾛｺｼ	ｹﾝｹﾝ	ｶﾀｱｼﾄﾋﾞ	ﾋﾞﾘ	ｲﾁﾊﾞﾝｻｲｺﾞ		ｱｻﾞ	φ	ﾃﾞｷﾙ	
26	NI1708	松任	高	69	10:00	3<石同町>	1939	男	ﾄｰﾓﾛｺｼ	ﾄｰｷﾋﾞ	ｹﾝｹﾝ	ｹﾝｹﾝ	"ｹﾞｯﾋﾟ,ﾋﾞﾘ,ﾋﾟﾘ"	ｵｼﾏｲ		ｱｻﾞ	ｶﾞ	ﾃﾞｷﾙ	
26	NI1708	松任	中	59	9:05	1	1948	男	ﾄｰﾓﾛｺｼ	ﾄｰﾓﾛｺｼ	ｶﾀｱｼﾄﾋﾞ	"ｹﾝｹﾝｱﾙｷ,ｶﾀｹﾞﾄﾋﾞ"	ｹﾞｯﾍﾟ	ﾄﾞﾝｼﾞﾘ		"ﾅｲｼｭｯｹﾂ,NN"	"ﾆ,NN"	"ﾅﾙ,ｼﾝﾀﾞ"	
26	NI1708	松任	若	22	10:00	1	1985	男	ﾄｰﾓﾛｺｼ	ﾄｰﾓﾛｺｼ	ｹﾝｹﾝ	ｹﾝｹﾝ	"ﾋﾞﾘ,ﾄﾞﾍﾞ"	ﾋﾞﾘ		ｱｵｱｻﾞ	φ	ﾃﾞｷﾙ	
26	NI1708	松任	少	14	13:50	1	1993	男	ﾄｰﾓﾛｺｼ	ﾄｰﾓﾛｺｼ	ｹﾝｹﾝ	ｹﾝｹﾝ	ﾋﾞﾘ	ｻｲｺｰﾋﾞ		NN	NN	ｼﾝﾀﾞ	
27	NI1709	加賀笠間	高	67	14:05	1	1941	男	ﾄｰﾓﾛｺｼ	ﾄｰﾓﾛｺｼ	ｹﾝｹﾝ	ｶﾀｱｼﾄﾋﾞ	ｹﾞﾍﾞ	ﾋﾞﾘ		ｱｵｱｻﾞ	φ	ﾃﾞｷﾙ	
27	NI1709	加賀笠間	中	57	14:08	1	1951	男	ﾄｰﾓﾛｺｼ	ﾄｰﾓﾛｺｼ	ｹﾝｹﾝ	ｹﾝｹﾝ	ﾄﾞﾝｼﾞﾘ	ﾋﾞﾘ		ｱｻﾞ	ｶﾞ	"ﾃﾞｷﾙ,ｼﾇ"	
27	NI1709	加賀笠間	若	38	14:09	1	1970	男	"ﾄｰﾓﾛｺｼ,ﾄｰｷﾋﾞ"	ﾄｰﾓﾛｺｼ	ｹﾝｹﾝ	ｹﾝｹﾝ	"ﾋﾞﾘ,ﾄﾞﾍﾞ"	ﾋﾞﾘ		NN	NN	ｼﾝﾀﾞ	
27	NI1709	加賀笠間	少	13	14:05	1	1994	男	ﾄｰﾓﾛｺｼ	ﾄｰﾓﾛｺｼ	ｹﾝｹﾝ	ｹﾝｹﾝ	ﾋﾞﾘ	ﾋﾞﾘ		ｱｻﾞ	φ	ﾃﾞｷﾙ	
28	NI1710	美川	高	67	11:00	1	1941	男	"ﾄｰﾓﾛｺｼ,ﾄｰｷﾋﾞ"	ﾄｰﾓﾛｺｼ	ｹﾝｹﾝ	ｶﾀｱｼﾄﾋﾞ	"ﾄﾞﾍﾞ,ｹﾞｯﾄ"	ﾋﾞﾘ		NN	NN	ｼﾇ	
28	NI1710	美川	中	46	10:04	2	1961	男	ﾄｰﾓﾛｺｼ	ﾄｰﾓﾛｺｼ	ｹﾝｹﾝ	ｶﾀｱｼﾄﾋﾞ	"ｹﾞﾍﾞ,ｹﾞｯﾄｯﾋﾟｰ"	ｻｲｺﾞ		ｱｻﾞ	φ	ﾃﾞｷﾙ	
28	NI1710	美川	若	32	10:05	2	1976	男	ﾄｰﾓﾛｺｼ	ﾄｰﾓﾛｺｼ	ｹﾝｹﾝ	ｹﾝｹﾝ	"ﾋﾞﾘ,ｹﾞﾍﾞ,ﾄﾞﾍﾞ"	"ﾋﾞﾘ,ｻｲｶｲ"		ｱｻﾞ	ﾆ	ﾅﾙ	
28	NI1710	美川	少	13	11:20	1	1995	男	ﾄｰﾓﾛｺｼ	ﾄｰﾓﾛｺｼ	ｹﾝｹﾝ	ｹﾝｹﾝ	ﾋﾞﾘ	ﾋﾞﾘ		NN	NN	ｼﾇ	
29	NI1711	小舞子	高	75	10:06	1	1933	男	ﾄｰｷﾋﾞ	ﾄｰﾓﾛｺｼ	ｹﾝｹﾝ	ｶﾀｱｼﾄﾋﾞ	ｹﾞｯﾄ	ﾋﾞﾘ		ｱｻﾞ	ﾆ	ﾅﾙ	
29	NI1711	小舞子	中	58	14:00	2	1949	男	ﾄｰﾓﾛｺｼ	ﾄｰﾓﾛｺｼ	ｹﾝｹﾝ	ｶﾀｱｼﾄﾋﾞ	"ﾋﾞﾘ,ｹﾞｽ"	"ﾋﾞﾘ,ﾄﾞﾝｼﾞﾘ"		ｱｻﾞ	"ｶﾞ,ﾆ"	"ﾃﾞｷﾙ,ﾅﾙ"	
29	NI1711	小舞子	若	30	14:00	1	1977	男	ﾄｰﾓﾛｺｼ	ﾄｰﾓﾛｺｼ	ｹﾝｹﾝ	ｶﾀｱｼﾄﾋﾞ	ｹﾞﾋﾞ	ｻｲｶｲ		ｱｻﾞ	ﾆ	ﾅﾙ	
29	NI1711	小舞子	少	13	13:50	1	1995	男	ﾄｰﾓﾛｺｼ	ﾄｰﾓﾛｺｼ	ｹﾝｹﾝ	ｶﾀｱｼﾄﾋﾞ	ｹﾞﾍﾞ	ｹﾞﾍﾞ		ｱｵﾀﾝ	ｶﾞ	ﾃﾞｷﾙ	
30	NI1712	寺井	高	76	9:00	1	1932	男	ﾄｰｷﾋﾞ	ﾄｰｷﾋﾞ	ｹﾝｹﾝ	ｶﾀｱｼﾄﾋﾞ	ｹﾞｯﾍﾟ	ﾋﾞﾘ		ｱｻﾞ	ﾆ	ﾅﾙ	
30	NI1712	寺井	高	72	10:00	1	1936	男	ﾄｰﾓﾛｺｼ	ﾄｰﾓﾛｺｼ	ﾋﾟｮﾝﾋﾟｮﾝﾄﾋﾞ	ﾋﾟｮﾝﾋﾟｮﾝﾄﾋﾞ	ｹﾞｿｯﾍﾟ	ﾗｽﾄ		NN	NN	ｼﾝﾀﾞ	
30	NI1712	寺井	中	58	8:55	1	1950	男	ﾄｰﾓﾛｺｼ	ﾄｰﾓﾛｺｼ	ｹﾝｹﾝ	ｶﾀｱｼﾄﾋﾞ	ｹﾂ	ｻｲｺﾞ		ｱｻﾞ	ｶﾞ	ﾃﾞｷﾙ	
30	NI1712	寺井	中	41	10:03	1	1967	女	ﾄｰﾓﾛｺｼ	ﾄｰﾓﾛｺｼ	ｹﾝｹﾝ	ｹﾝｹﾝ	ｹﾞﾍﾞ	ｻｲｺﾞ		ｱｻﾞ	ｶﾞ	ﾃﾞｷﾙ	
30	NI1712	寺井	若	26	19:00	1	1982	男	ﾄｰﾓﾛｺｼ	ﾄｰﾓﾛｺｼ	ｹﾝｹﾝ	ｹﾝｹﾝ	ｹﾞﾍﾞ	ﾋﾞﾘ		ｱｻﾞ	ﾆ	ﾅﾙ	
30	NI1712	寺井	少	11	14:00	1	1997	女	ﾄｰﾓﾛｺｼ	ﾄｰﾓﾛｺｼ	ｶﾀｱｼﾄﾋﾞ	ｶﾀｱｼﾄﾋﾞ	ｹﾞﾍﾞ	ｻｲｺﾞ		ｱｻﾞ	ｶﾞ	ﾃﾞｷﾙ	
30	NI1712	寺井	少	11	10:03	1	1996	女	ﾄｰﾓﾛｺｼ	ﾄｰﾓﾛｺｼ	ｶﾀｱｼｼﾞｬﾝﾌﾟ	ｶﾀｱｼｼﾞｬﾝﾌﾟ	ﾋﾞﾘ	ﾋﾞﾘ		ｱｻﾞ	ｶﾞ	ﾃﾞｷﾙ	
31	NI1713	明峰	高	70	14:22	1	1937	男	ﾄｰﾓﾛｺｼ	ﾄｰﾓﾛｺｼ	ｽﾄﾝｺ	ｶﾀｱｼﾄﾋﾞ	ｹﾞｯﾄ	ﾋﾞﾘ		NN	NN	ｱｵﾅｯﾀ	
31	NI1713	明峰	中	52	14:25	1	1956	男	ﾄｰﾓﾛｺｼ	ﾄｰﾓﾛｺｼ	ｹﾝｹﾝ	ｹﾝｹﾝ	ﾋﾞﾘ	ﾋﾞﾘ		"ｱｻﾞ,NN"	"ﾆ,NN"	"ﾅﾙ,ｼﾝﾄﾞﾙ"	
31	NI1713	明峰	若	35	13:33	2	1973	男	ﾄｰﾓﾛｺｼ	ﾄｰﾓﾛｺｼ	ｹﾝｹﾝ	ｹﾝｹﾝ	ﾋﾞﾘ	ﾋﾞﾘ		ｱｻﾞ	ｶﾞ	ﾃﾞｷﾙ	
31	NI1713	明峰	少	14	13:30	1	1994	男	ﾄｰﾓﾛｺｼ	ﾄｰﾓﾛｺｼ	ｶﾀｱｼﾄﾋﾞ	ｶﾀｱｼﾄﾋﾞ	ﾋﾞﾘ	ｻｲｶｲ		NN	NN	ｼﾝﾄﾞﾙ	
32	NI1714	小松	高	79	9:55	99	1929	男	ﾄｰﾓﾛｺｼ	ﾄｰﾓﾛｺｼ	ｶﾀｱｼﾄﾋﾞ	ｶﾀｱｼﾄﾋﾞ	"ｹﾂ,ｻｲｺﾞ"	ｻｲｺﾞ		"ｱｻﾞ,NN"	"ﾝ,NN"	"ﾅﾙ,ｼﾝﾀﾞ"	
32	NI1714	小松	中	60	9:55	1	1948	男	ﾄｰﾓﾛｺｼ	ﾄｰﾓﾛｺｼ	ｹﾝｹﾝ	ｹﾝｹﾝ	ﾋﾞﾘ	ﾋﾞﾘ		ｱｻﾞ	ﾝ	ﾅﾙ	
32	NI1714	小松	若	27	13:55	1	1979	女	ﾄｰﾓﾛｺｼ	ﾄｰﾓﾛｺｼ	ｹﾝｹﾝ	ｹﾝｹﾝ	ｹﾞﾍﾞ	ｹﾞﾍﾞ		ｱｵﾀﾝ	ｶﾞ	ﾃﾞｷﾙ	
32	NI1714	小松	若	26	13:55	1	1982	女	ﾄｰﾓﾛｺｼ	ﾄｰﾓﾛｺｼ	ｹﾝｹﾝ	ｹﾝｹﾝ	ﾋﾞﾘ	ﾋﾞﾘ		ｱｵﾀﾝ	ｶﾞ	ﾃﾞｷﾙ	
32	NI1714	小松	少	13	9:55	1	1994	女	ﾄｰﾓﾛｺｼ	ﾄｰﾓﾛｺｼ	ｶﾀｱｼﾄﾋﾞ	ｶﾀｱｼﾄﾋﾞ	ﾋﾞﾘ	ｻｲｺﾞ		ｱｵﾀﾝ	ｶﾞ	ﾃﾞｷﾙ	
33	NI1715	粟津	高	62	9:55	1	1945	男	ﾄｰﾓﾛｺｼ	ﾄｰﾓﾛｺｼ	ｶﾀｱｼﾄﾋﾞ	ｶﾀｱｼﾄﾋﾞ	ﾋﾞﾘ	ﾋﾞﾘ		ｱｻﾞ	"ﾆ,ｶﾞ"	"ﾅﾙ,ﾃﾞｷﾙ"	
33	NI1715	粟津	中	55	9:05	2	1953	男	ﾄｰﾓﾛｺｼ	ﾄｰﾓﾛｺｼ	ｹﾝｹﾝ	ｹﾝｹﾝ	ｹﾞﾍﾞﾀ	ﾋﾞﾘ		ｱｻﾞ	ﾆ	"ﾅﾙ,ﾅｯﾀ"	
33	NI1715	粟津	若	24	9:50	3	1983	女	ﾄｰﾓﾛｺｼ	ﾄｰﾓﾛｺｼ	ｹﾝｹﾝ	ｹﾝｹﾝ	ｹﾞﾍﾞ	ｹﾞﾍﾞ		ｱｻﾞ	ﾆ	ﾅﾙ	
33	NI1715	粟津	少	19	10:00	1	1989	女	ﾄｰﾓﾛｺｼ	ﾄｰﾓﾛｺｼ	ｹﾝｹﾝ	ｶﾀｱｼｹﾝｹﾝ	ｹﾞﾍﾞ	ﾋﾞﾘ		NN	NN	ｼﾇ	
33	NI1715	粟津	少	13	10:00	1	1995	女	ﾄｰﾓﾛｺｼ	ﾄｰﾓﾛｺｼ	ｹﾝｹﾝ	ｹﾝｹﾝ	ﾋﾞﾘ	ﾋﾞﾘ		NN	NN	ｼﾇ	
34	NI1716	動橋	高	72	10:00	3	1935	男	ﾄｰﾓﾛｺｼ	ﾄｰﾓﾛｺｼ	ｶﾀｱｼﾄﾋﾞ	ｶﾀｱｼﾄﾋﾞ	"ｹﾞｯﾄ,ﾋﾞﾘ"	ﾋﾞﾘ		ｱｵｱｻﾞ	ﾆ	ﾅﾙ	
34	NI1716	動橋	中	53	10:00	1	1955	男	"ﾄｰﾓﾛｺｼ,ﾄｰｷﾋﾞ"	ﾄｰﾓﾛｺｼ	ｹﾝｹﾝ	ｹﾝｹﾝ	ﾋﾞﾘｯｹﾂ	ｻｲｺﾞ		ｱｵｱｻﾞ	ﾆ	ﾅﾙ	
34	NI1716	動橋	若	34	10:02	1	1973	男	ﾄｰﾓﾛｺｼ	ﾄｰﾓﾛｺｼ	ｹﾝｹﾝ	ｶﾀｱｼﾄﾋﾞ	ｹﾞﾍﾞ	ﾋﾞﾘ		NN	NN	ｼﾇ	
34	NI1716	動橋	少	16	9:50	3	1992	男	ﾄｰﾓﾛｺｼ	ﾄｰﾓﾛｺｼ	ｹﾝｹﾝ	ｹﾝｹﾝ	ﾋﾞﾘ	"ﾋﾞﾘ,ｻｲｺﾞ"		"ｱｵｼﾞﾐ,ｱｻﾞ"	"ｶﾞ,ﾆ"	"ﾃﾞｷﾙ,ﾅﾙ"	
35	NI1717	加賀温泉	高	78	14:15	1	1930	男	ﾄｰｷﾋﾞ	ﾄｰｷﾋﾞ	ｶﾀｱｼﾄﾋﾞ	ｶﾀｱｼﾄﾋﾞ	ｹﾞｯﾄｸｿ	ﾋﾞﾘ		NN	NN	ｼﾞｼﾞｸﾞﾛﾅｯﾀ	
35	NI1717	加賀温泉	中	49	10:04	1	1959	男	ﾄｰﾓﾛｺｼ	ﾄｰﾓﾛｺｼ	ｹﾝｹﾝ	ｹﾝｹﾝ	ｹﾞﾍﾞ	ﾄﾞﾍﾞ		NN	NN	ｼﾝﾄﾞﾙ	
35	NI1717	加賀温泉	若	33	14:16	1	1975	男	ﾄｰﾓﾛｺｼ	ﾄｰﾓﾛｺｼ	ｹﾝｹﾝ	ｹﾝｹﾝ	ﾋﾞﾘ	ﾋﾞﾘ		ｱｻﾞ	ﾝ	ﾅﾙ	
35	NI1717	加賀温泉	少	13	10:00	1	1994	男	ﾄｰﾓﾛｺｼ	ﾄｰﾓﾛｺｼ	ｹﾝｹﾝ	ｹﾝｹﾝ	ﾋﾞﾘ	ｻｲｶｲ		ｱｵﾀﾝ	ｶﾞ	ﾃﾞｷﾙ	
36	NI1718	大聖寺	高	72	10:00	3	1935	男	"ﾄｰﾓﾛｺｼ,"	"ﾄｰﾓﾛｺｼ,ﾄｰｷﾋﾞ"	ｹﾝｹﾝ	ｹﾝｹﾝ	"ﾋﾞﾘ,ｹﾞﾍﾞ"	ﾋﾞﾘ		NN	NN	"ｼﾞﾝｼﾞｸﾞﾛｰﾅﾙ,ｼﾞﾝｼﾞｸﾞﾛｲ"	
36	NI1718	大聖寺	高	63	10:00	1	1944	女	ﾄｰﾓﾛｺｼ	ﾄｰﾓﾛｺｼ	ｹﾝｹﾝ	ｹﾝｹﾝ	ﾋﾞﾘｹﾞﾍﾞ	ﾋﾞﾘ		NN	NN	ｼﾞﾝｼﾞｸﾞﾛｲ	
36	NI1718	大聖寺	中	59	13:50	1	1949	女	"ﾄｰﾓﾛｺｼ,ﾄｰｷﾋﾞ"	ﾄｰﾓﾛｺｼ	ｹﾝｹﾝ	ｹﾝｹﾝ	"ﾋﾞﾘ,ｹﾞﾍﾞ,ｹﾞｯﾄｸｿ"	ﾋﾞﾘ		NN	NN	ｼﾞﾝｼﾞｸﾞﾛﾅﾙ	
36	NI1718	大聖寺	若	37	10:02	1	1971	女	"ﾄｰﾓﾛｺｼ,ﾄｰｷﾋﾞ"	ﾄｰﾓﾛｺｼ	ｹﾝｹﾝ	ｹﾝｹﾝ	"ﾋﾞﾘ,ﾋﾞﾘｯｹﾂ,ｹﾞﾍﾞ"	ﾋﾞﾘ		NN	NN	ｼﾇ	
36	NI1718	大聖寺	少	12	14:00	1	1996	女	ﾄｰﾓﾛｺｼ	ﾄｰﾓﾛｺｼ	ｹﾝｹﾝ	ﾋﾟｮﾝﾋﾟｮﾝ	"ﾋﾞﾘ,ｹﾞﾍﾞ"	ｻｲｶｲ		ｱｵﾀﾝ	ﾆ	ﾅﾙ	
36	NI1718	大聖寺	少	12	14:00	1	1996	女	ﾄｰﾓﾛｺｼ	ﾄｰﾓﾛｺｼ	ｹﾝｹﾝ	ｹﾝｹﾝ	"ﾋﾞﾘｯｹﾂ,ｹﾞﾍﾞ"	ｻｲｶｲ		ｱｵﾀﾝ	ﾆ	ﾅﾙ	
37	NI1802	細呂木	高	71	10:01	1	1936	男	ﾄｰｷﾋﾞ	ﾄｰﾓﾛｺｼ	ｹﾝｹﾝ	ｹﾝｹﾝ	ﾋﾞﾘ	ﾋﾞﾘ	"ｱｻﾞﾆﾅﾙ,ｱｻﾞｶﾞﾃﾞｷﾙ"	ｱｻﾞ	"ﾆ,ｶﾞ"	"ﾅﾙ,ﾃﾞｷﾙ"	"ｱｻﾞﾆﾅﾙ,ｱｻﾞｶﾞﾃﾞｷﾙ"
37	NI1802	細呂木	高	63	10:00	1	1944	男	ﾄｰｷﾋﾞ	ﾄｰﾓﾛｺｼ	ｹﾝｹﾝ	ｹﾝｹﾝ	ﾋﾞﾘ	ﾋﾞﾘ	ﾅｲｼｭｯｹﾂｽﾙ	NN	NN	ﾅｲｼｭｯｹﾂｽﾙ	ﾅｲｼｭｯｹﾂｽﾙ
37	NI1802	細呂木	中	52	10:00	1	1955	男	ﾄｰｷﾋﾞ	ﾄｰﾓﾛｺｼ	ｹﾝｹﾝ	ｹﾝｹﾝ	"ｹﾞｯﾊﾟ,ｹﾞｯﾍﾟ"	ﾋﾞﾘ	ｱｵｱｻﾞﾆﾅﾙ	ｱｵｱｻﾞ	ﾆ	ﾅﾙ	ｱｵｸﾞﾛｸﾅﾙ
37	NI1802	細呂木	少	13	13:00	1	1995	男	ﾄｰﾓﾛｺｼ	ﾄｰﾓﾛｺｼ	ｹﾝｹﾝ	ｹﾝｹﾝ	ﾋﾞﾘ	ﾋﾞﾘ	ｱｻﾞﾆﾅﾙ	ｱｻﾞ	ﾆ	ﾅﾙ	ｱｻﾞﾆﾅﾙ
38	NI1803	芦原温泉	高	78	9:50	1	1928	男	ﾄｰｷﾋﾞ	ﾄｰﾓﾛｺｼ	ｶﾀｱｼﾄﾋﾞ	ｶﾀｱｼﾄﾋﾞ	ﾍｯﾊﾟ	ﾄﾞﾝｹﾂ	ｱｻﾞﾆﾅﾙ	ｱｻﾞ	ﾆ	ﾅﾙ	ｼﾞｭｰｹﾂｽﾙ
38	NI1803	芦原温泉	中	57	11:05	1	1950	男	ﾄｰﾓﾛｺｼ	ﾄｰﾓﾛｺｼ	ｹﾝｹﾝ	ｹﾝｹﾝ	ﾍｯﾍﾟ	"ﾄﾞﾝｹ,ｻｲｶｲ"	ｱｵｱｻﾞﾆﾅﾙ	ｱｵｱｻﾞ	ﾆ	ﾅﾙ	ｱｵｱｻﾞﾆﾅﾙ
38	NI1803	芦原温泉	若	34	10:15	1	1973	男	"ﾄｰﾓﾛｺｼ,ﾄｰｷﾋﾞ"	ﾄｰﾓﾛｺｼ	ｹﾝｹﾝ	ｹﾝｹﾝ	ﾄﾞﾍﾞ	ﾋﾞﾘ	ｱｵﾀﾝﾆﾅﾙ	ｱｵﾀﾝ	ﾆ	ﾅﾙ	ｱｵﾀﾝﾆﾅﾙ
38	NI1803	芦原温泉	少	13	10:25	1	1993	女	ﾄｰﾓﾛｺｼ	ﾄｰﾓﾛｺｼ	ｹﾝｹﾝ	ｶﾀｱｼﾄﾋﾞ	"ﾄﾞﾍﾞ,ﾋﾞﾘ"	ｻｲｺﾞ	ｱｻﾞﾆﾅﾙ	ｱｻﾞ	ﾆ	ﾅﾙ	ｱｻﾞﾆﾅﾙ
39	NI1804	丸岡	高	68	10:05	1	1939	男	ﾄｰｷﾋﾞ	ﾄｰﾓﾛｺｼ	ｶﾀｱｼﾄﾋﾞ	ｶﾀｱｼﾄﾋﾞ	"ﾋﾞﾘ,ｼﾘ"	ﾋﾞﾘ	ｱｻﾞﾆﾅﾙ	ｱｻﾞ	ﾆ	ﾅﾙ	ｱｻﾞﾆﾅﾙ
39	NI1804	丸岡	中	55	11:05	1	1952	男	ﾄｰｷﾋﾞ	ﾄｰﾓﾛｺｼ	ｹﾝｹﾝ	ｹﾝｹﾝ	ﾄﾞﾝｹﾂ	ﾋﾞﾘ	ｱｻﾞﾆﾅﾙ	ｱｻﾞ	ﾆ	ﾅﾙ	ｱｻﾞﾆﾅﾙ
39	NI1804	丸岡	若	35	10:10	1	1971	男	ﾄｰﾓﾛｺｼ	ﾄｰﾓﾛｺｼ	ｹﾝｹﾝ	ｹﾝｹﾝ	ﾄﾞﾝｹﾂ	ｻｲｺﾞ	ｱｻﾞｶﾞﾃﾞｷﾙ	ｱｻﾞ	ｶﾞ	ﾃﾞｷﾙ	ｱｵｱｻﾞｶﾞﾃﾞｷﾙ
39	NI1804	丸岡	少	14	9:55	1	1993	男	ﾄｰﾓﾛｺｼ	ﾄｰﾓﾛｺｼ	ｹﾝｹﾝ	ｶﾀｱｼﾄﾋﾞ	ﾋﾞﾘ	ﾋﾞﾘ	"ｱｻﾞｶﾞﾃﾞｷﾙ,《ｱｵｸﾅﾙ》"	"ｱｻﾞ,NN"	"ｶﾞ,NN"	"ﾃﾞｷﾙ,ｱｵｸﾅﾙ"	ｱｻﾞｶﾞﾃﾞｷﾙ
40	NI1805	春江	高	70	15:00	1	1936	男	ﾄｰｷﾋﾞ	ﾄｰﾓﾛｺｼ	"ｶﾀｱｼﾄﾋﾞ,ｹﾝｹﾝ"	ｶﾀｱｼﾄﾋﾞ	ﾋﾞﾘ	ﾋﾞﾘ	"ｱｵｱｻﾞﾅﾙ,ｱｵｱｻﾞﾃﾞｷﾙ"	"ｱｵｱｻﾞ,ｱｵｱｻﾞ"	φ	"ﾅﾙ,ﾃﾞｷﾙ"	ｱｵｸﾊﾚﾙ
40	NI1805	春江	中	51	15:00	1	1956	男	ﾄｰﾓﾛｺｼ	ﾄｰﾓﾛｺｼ	ｹﾝｹﾝ	ｹﾝｹﾝ	ﾋﾞﾘ	ﾋﾞﾘ	ﾀﾞﾎﾞｸ	ﾀﾞﾎﾞｸ	NN	NN	ﾀﾞﾎﾞｸ
40	NI1805	春江	若	38	15:00	1	1969	男	ﾄｰｷﾋﾞ	ﾄｰﾓﾛｺｼ	ｹﾝｹﾝ	ｹﾝｹﾝ	"ｹﾞﾍﾞ,ｹﾞｯﾋﾟ"	ﾋﾞﾘ	ｱｵﾀﾝｶﾞﾃﾞｷﾙ	ｱｵﾀﾝ	ｶﾞ	ﾃﾞｷﾙ	ｱｵﾀﾝｶﾞﾃﾞｷﾙ
40	NI1805	春江	少	16	11:10	1	1991	男	ﾄｰﾓﾛｺｼ	ﾄｰﾓﾛｺｼ	ｹﾝｹﾝ	ｹﾝｹﾝ	"ﾋﾞﾘ,ﾄﾞﾝｹﾂ"	ﾋﾞﾘ	"ｱｻﾞﾃﾞｷﾂﾝﾀ,ｱｵｱｻﾞﾃﾞｷﾂﾝﾀ"	"ｱｻﾞ,ｱｵｱｻﾞ"	φ	ﾃﾞｷﾂﾝﾀ	ｱｻﾞｶﾞﾃﾞｷﾙ
41	NI1806	森田	高	66	10:50	1	1941	男	"ﾄｰｷﾋﾞ,ﾄｰﾓﾛｺｼ"	ﾄｰﾓﾛｺｼ	ｹﾝｹﾝ	ｶﾀｱｼﾄﾋﾞ	"ﾋﾞﾘ,ﾋﾞﾘｯｹﾂ"	ﾋﾞﾘ	ｱｻﾞｵﾂｸﾙ	ｱｻﾞ	ｵ	ﾂｸﾙ	ｱｻﾞｵﾂｸﾙ
41	NI1806	森田	中	55	9:50	1	1952	女	"ﾄｰﾓﾛｺｼ,ﾄｰｷﾋﾞ"	ﾄｰﾓﾛｺｼ	ｹﾝｹﾝ	ｹﾝｹﾝ	"ﾋﾞﾘ,ﾄﾞｯﾍﾟ"	ﾋﾞﾘ	ｱｻﾞｶﾞﾃﾞｷﾙ	ｱｻﾞ	ｶﾞ	ﾃﾞｷﾙ	ｱｻﾞｶﾞﾃﾞｷﾙ
41	NI1806	森田	若	35	11:25	1	1971	男	ﾄｰﾓﾛｺｼ	ﾄｰﾓﾛｺｼ	ｹﾝｹﾝ	ｹﾝｹﾝ	"ﾋﾞﾘ,ｹﾂ"	ﾋﾞﾘ	ｱｻﾞﾆﾅﾙ	ｱｻﾞ	ﾆ	ﾅﾙ	ﾅｲｼｭｯｹﾂﾆﾅﾙ
41	NI1806	森田	少	14	9:55	1	1992	女	ﾄｰﾓﾛｺｼ	ﾄｰﾓﾛｺｼ	"ｶﾀｱｼﾄﾋﾞ,ｹﾝｹﾝ"	ｶﾀｱｼﾄﾋﾞ	ﾄﾞﾍﾞ	ﾄﾞﾍﾞ	ｱｻﾞﾆﾅﾙ	ｱｻﾞ	ﾆ	ﾅﾙ	ｱｻﾞﾆﾅﾙ
42	NI1807	FUKUI	高	64	15:10	1	1942	女	ﾄｰﾓﾛｺｼ	ﾄｰﾓﾛｺｼ	ｶﾀｱｼﾄﾋﾞ	ｶﾀｱｼﾄﾋﾞ	"ﾄﾞｯｹ,ﾄﾞｯﾍﾟ"	ﾋﾞﾘ	ｱｵｱｻﾞﾃﾞｷﾃﾝﾀ	ｱｵｱｻﾞ	φ	ﾃﾞｷﾃﾝﾀ	ﾅｲｼｭｯｹﾂ
42	NI1807	FUKUI	中	42	15:15	1	1965	女	ﾄｰﾓﾛｺｼ	ﾄｰﾓﾛｺｼ	ｶﾀｱｼﾄﾋﾞ	ｹﾝｹﾝ	ﾄﾞﾝﾍﾟ	ｻｲｺﾞ	ｱｵｱｻﾞｶﾞﾃﾞｷﾙ	ｱｵｱｻﾞ	ｶﾞ	ﾃﾞｷﾙ	ﾅｲｼｭｯｹﾂﾆﾅﾙ
42	NI1807	FUKUI	少	17	15:05	1	1989	男	ﾄｰﾓﾛｺｼ	ﾄｰﾓﾛｺｼ	ｶﾀｱｼﾄﾋﾞ	ｹﾝｹﾝ	ﾋﾞﾘ	ﾋﾞﾘ	"ｱｻﾞｶﾞﾃﾞｷﾙ,ｱｻﾞﾆﾅﾙ"	ｱｻﾞ	"ｶﾞ,ﾆ"	"ﾃﾞｷﾙ,ﾅﾙ"	ﾅｲｼｭｯｹﾂﾆ
43	NI1808	越前花堂	高	69	9:00	1	1938	男	ﾄｰｷﾋﾞ	ﾄｰﾓﾛｺｼ	ｹﾝｹﾝ	ｶﾀｱｼﾄﾋﾞ	ﾄﾞﾝﾍﾟ	ﾋﾞﾘ	ﾄﾞｼﾞｸﾞﾛﾅｯﾀ	NN	NN	ﾄﾞｼﾞｸﾞﾛﾅｯﾀ	ｱｵｱｻﾞｶﾞﾃﾞｷﾀ
43	NI1808	越前花堂	中	47	9:00	1	1960	男	ﾄｰﾓﾛｺｼ	ﾄｰﾓﾛｺｼ	ｶﾀｱｼﾄﾋﾞ	ｹﾝｹﾝ	"ﾄﾞﾝｹﾂ,ﾄﾞﾝﾍﾟ,ﾋﾞﾘ"	"ﾄﾞﾝｹﾂ,ﾄﾞﾝﾍﾟ,ﾋﾞﾘ"	"ｱｻﾞﾆﾃﾞｷﾙ,ｱｵｱｻﾞﾆﾃﾞｷﾙ"	"ｱｻﾞ,ｱｵｱｻﾞ"	ﾆ	ﾃﾞｷﾙ	"ｱｻﾞﾆﾃﾞｷﾙ,ｱｵｱｻﾞﾆﾃﾞｷﾙ"
43	NI1808	越前花堂	若	23	9:00	1	1984	女	ﾄｰﾓﾛｺｼ	ﾄｰﾓﾛｺｼ	ｹﾝｹﾝ	"ｹﾝｹﾝﾄﾋﾞ,ｶﾀｱｼﾄﾋﾞ"	ﾄﾞﾝｹﾂ	"ｻｲｶｲ,ﾋﾞﾘ,ﾄﾞﾍﾞ"	ｱｵｱｻﾞｶﾞﾃﾞｷﾙ	ｱｵｱｻﾞ	ｶﾞ	ﾃﾞｷﾙ	ｱｵｱｻﾞｶﾞﾃﾞｷﾙ
43	NI1808	越前花堂	少	14	9:00	1	1992	女	ﾄｰﾓﾛｺｼ	ﾄｰﾓﾛｺｼ	ｹﾝｹﾝ	ｹﾝｹﾝ	ﾄﾞﾝﾍﾟ	ﾋﾞﾘ	ｱｻﾞｶﾞﾃﾞｷﾙ	ｱｻﾞ	ｶﾞ	ﾃﾞｷﾙ	ｱｻﾞｶﾞﾃﾞｷﾙ
44	NI1809	大土呂	高	71	10:00	1	1936	女	ﾄｰｷﾋﾞ	ﾄｰﾓﾛｺｼ	ｹﾝｹﾝ	ｶﾀｱｼﾄﾋﾞ	ﾄﾞﾝﾍﾟ	ｻｲｺﾞ	ｱｵｱｻﾞｶﾞﾃﾞｷﾙ	ｱｵｱｻﾞ	ｶﾞ	ﾃﾞｷﾙ	ｳﾁﾐｶﾞﾃﾞｷﾙ
44	NI1809	大土呂	中	49	10:02	1	1958	男	"ﾄｰﾓﾛｺｼ,(ﾄｰｷﾋﾞ"	ﾄｰﾓﾛｺｼ	ｹﾝｹﾝ	ｹﾝｹﾝ	ﾄﾞﾝﾍﾟ	ﾋﾞﾘ	ｱｵｱｻﾞｶﾞﾃﾞｷﾙ	ｱｵｱｻﾞ	ｶﾞ	ﾃﾞｷﾙ	ﾅｲｼｭｯｹﾂ
44	NI1809	大土呂	若	37	10:02	1	1969	女	ﾄｰﾓﾛｺｼ	ﾄｰﾓﾛｺｼ	"ｹﾝｹﾝ,ｶﾀｱｼﾄﾋﾞ"	ｶﾀｱｼﾄﾋﾞ	"ﾋﾞﾘ,ﾄﾞﾝｹﾂ"	ｻｲｺﾞ	"ｱｻﾞｶﾞﾃﾞｷﾙ,ｱｵﾀﾝｶﾞﾃﾞｷﾙ"	"ｱｻﾞ,ｱｵﾀﾝ"	ｶﾞ	ﾃﾞｷﾙ	ｱｻﾞｶﾞﾃﾞｷﾙ
44	NI1809	大土呂	少	15	10:45	1	1992	女	ﾄｰﾓﾛｺｼ	ﾄｰﾓﾛｺｼ	ｹﾝｹﾝ	ｹﾝｹﾝ	ﾋﾞﾘ	ﾋﾞﾘ	ｱｻﾞｶﾞﾃﾞｷﾙ	ｱｻﾞ	ｶﾞ	ﾃﾞｷﾙ	ｱｻﾞｶﾞﾃﾞｷﾙ
45	NI1810	北鯖江	高	76	14:10	1	1931	男	ﾄｰｷﾋﾞ	ﾄｰｷﾋﾞ	"ｶﾀｱｼﾄﾋﾞ,ｹﾝｹﾝﾄﾋﾞ"	ｶﾀｱｼﾄﾋﾞ	ﾄﾞﾝｹﾂ	ﾄﾞﾝｹﾂ	"ｱｻﾞｶﾞﾃﾞｷﾙ,ｳｼﾞｸﾞﾛﾅﾙ"	"ｱｻﾞ,NN"	"ｶﾞ,NN"	"ﾃﾞｷﾙ,ｳｼﾞｸﾞﾛﾅﾙ"	ｱｻﾞｶﾞﾃﾞｷﾙ
45	NI1810	北鯖江	中	52	14:20	3	1955	男	ﾄｰｷﾋﾞ	ﾄｰﾓﾛｺｼ	ｹﾝｹﾝ	ｹﾝｹﾝ	ﾄﾞﾝｹ	ﾋﾞﾘ	ｱｻﾞｶﾞﾃﾞｷﾙ	ｱｻﾞ	ｶﾞ	ﾃﾞｷﾙ	ｱｻﾞｶﾞﾃﾞｷﾙ
45	NI1810	北鯖江	若	35	9:53	1	1972	男	ﾄｰﾓﾛｺｼ	ﾄｰﾓﾛｺｼ	ｹﾝｹﾝ	ｼﾞｬﾝﾌﾟ	"ﾄﾞﾝｸｻｲ,ﾄﾞﾝｹﾂ"	ｵｿｲ	ｱｵﾀﾝｶﾞﾃﾞｷﾙ	ｱｵﾀﾝ	ｶﾞ	ﾃﾞｷﾙ	ｱｻﾞｶﾞﾃﾞｷﾙ
45	NI1810	北鯖江	少	15	12:05	1	1993	男	ﾄｰﾓﾛｺｼ	ﾄｰﾓﾛｺｼ	ｹﾝｹﾝ	ｹﾝｹﾝ	ﾄﾞﾝｹ	ﾋﾞﾘ	ｱｻﾞｶﾞﾃﾞｷﾙ	ｱｻﾞ	ｶﾞ	ﾃﾞｷﾙ	ｱｻﾞｶﾞﾃﾞｷﾙ
46	NI1811	鯖江	高	77	13:00	1	1930	女	ﾄｰｷﾋﾞ	ﾄｰﾓﾛｺｼ	ｶﾀｱｼｹﾝｹﾝ	ｶﾀｱｼｹﾝｹﾝ	ﾋﾞﾘ	ﾋﾞﾘ	ｱｻﾞｶﾞﾃﾞｷﾙ	ｱｻﾞ	ｶﾞ	ﾃﾞｷﾙ	ｱｻﾞｶﾞﾃﾞｷﾙ
46	NI1811	鯖江	中	50	14:37	3	1957	女	ﾄｰﾓﾛｺｼ	ﾄｰﾓﾛｺｼ	ｹﾝｹﾝ	ｶﾀｱｼﾄﾋﾞ	ﾋﾞﾘ	ﾋﾞﾘ	"ｱｻﾞﾆﾅﾙ,ｳﾁﾐﾆﾅﾙ"	"ｱｻﾞ,ｳﾁﾐ"	ﾆ	ﾅﾙ	ﾀﾞﾎﾞｸ
46	NI1811	鯖江	若	35	10:39	1	1972	男	ﾄｰｷﾋﾞ	ﾄｰﾓﾛｺｼ	ｹﾝｹﾝ	ｹﾝｹﾝ	"ﾄﾞﾍﾞ,ﾄﾞﾝﾍﾟ"	ﾋﾞﾘ	ｱｻﾞﾆﾅﾙ	ｱｻﾞ	ﾆ	ﾅﾙ	ｱｻﾞｶﾞﾃﾞｷﾙ
46	NI1811	鯖江	少	12	10:30	1	1995	女	ﾄｰﾓﾛｺｼ	ﾄｰﾓﾛｺｼ	"ｶﾀｱｼｼﾞｬﾝﾌﾟ,ｹﾝｹﾝ"	ｶﾀｱｼｼﾞｬﾝﾌﾟ	ﾄﾞﾍﾞ	ｻｲｺﾞ	ｱｻﾞﾝﾅﾙ	ｱｻﾞ	ﾝ	ﾅﾙ	ｱｻﾞﾆﾅﾙ
47	NI1812	武生	高	70	13:20	1	1937	男	ﾄｰｷﾋﾞ	ﾄｰﾓﾛｺｼ	ｹﾝｹﾝﾄﾋﾞ	ｹﾝｹﾝﾄﾋﾞ	ﾄﾞﾝｹ	ﾋﾞﾘ	ｱｻﾞﾆﾅﾙ	ｱｻﾞ	ﾆ	ﾅﾙ	ﾅｲｼｭｯｹﾂｼﾀ
47	NI1812	武生	中	56	9:05	3	1951	女	ﾄｰﾓﾛｺｼ	ﾄｰﾓﾛｺｼ	ｹﾝｹﾝ	ｹﾝｹﾝ	ｹﾞｯﾍﾟ	ﾋﾞﾘ	ｱｵｱｻﾞﾆﾅﾙ	ｱｵｱｻﾞ	ﾆ	ﾅﾙ	ｳﾁﾐﾆﾅﾙ
47	NI1812	武生	若	30	10:30	1	1977	男	ﾄｰﾓﾛｺｼ	ﾄｰﾓﾛｺｼ	ｶﾀｱｼﾄﾋﾞ	ｶﾀｱｼﾃﾞﾋﾟｮﾝﾋﾟｮﾝﾄﾌﾞ	ﾋﾞﾘ	ｲﾁﾊﾞﾝｻｲｺﾞ	ｱｻﾞｶﾞﾃﾞｷﾙ	ｱｻﾞ	ｶﾞ	ﾃﾞｷﾙ	ｱｻﾞｶﾞﾃﾞｷﾙ
47	NI1812	武生	少	15	13:30	1	1992	男	ﾓﾛｺｼ	ﾄｰﾓﾛｺｼ	ｹﾝｹﾝ	ｶﾀｱｼﾄﾋﾞ	ﾄﾞﾍﾞ	NR	ｱｻﾞﾆﾅﾙ	ｱｻﾞ	ﾆ	ﾅﾙ	ｱｻﾞﾆﾅﾙ
48	NI1813	王子保	高	74	15:05	1	1932	女	ﾄｰﾓﾛｺｼ	ﾄｰﾓﾛｺｼ	ｹﾝｹﾝ	ｶﾀｱｼﾄﾋﾞ	"ﾄﾞｯｹ,ﾄﾞｯﾍﾟ,ﾄﾞﾝﾍﾟ"	ﾋﾞﾘ	ｱｻﾞｶﾞﾃﾞｷﾙ	ｱｻﾞ	ｶﾞ	ﾃﾞｷﾙ	ｱｻﾞｶﾞﾃﾞｷﾙ
48	NI1813	王子保	中	56	15:05	1	1951	男	ﾄｰﾓﾛｺｼ	ﾄｰﾓﾛｺｼ	ｹﾝｹﾝ	ｹﾝｹﾝ	"ﾄﾞﾝﾍﾟ,ﾄﾞｯｹ,ﾄﾞﾝﾍﾟ"	ﾋﾞﾘ	ｱｻﾞｶﾞﾃﾞｷﾙ	ｱｻﾞ	ｶﾞ	ﾃﾞｷﾙ	ｱｻﾞｶﾞﾃﾞｷﾙ
48	NI1813	王子保	若	41	12:58	1	1966	女	ﾄｰﾓﾛｺｼ	ﾄｰﾓﾛｺｼ	ｹﾝｹﾝ	ｹﾝｹﾝ	ﾋﾞﾘｯｹﾂ	ﾋﾞﾘｯｹﾂ	ｱｻﾞﾆﾅﾙ	ｱｻﾞ	ﾆ	ﾅﾙ	ｱｻﾞﾆﾅﾙ
48	NI1813	王子保	少	16	9:01	1	1990	男	ﾄｰﾓﾛｺｼ	ﾄｰﾓﾛｺｼ	ｹﾝｹﾝ	ｶﾀｱｼﾄﾋﾞ	ﾋﾞﾘ	ﾄﾞﾝｹﾂ	ｱｻﾞﾃﾞｷﾙ	ｱｻﾞ	φ	ﾃﾞｷﾙ	ｱｻﾞｶﾞﾃﾞｷﾙ
49	NI1814	南条	高	75	9:50	3	1932	男	ﾄｰﾓﾛｺｼ	ﾄｰﾓﾛｺｼ	ｶﾀｱｼﾃﾞﾎﾟﾝﾎﾟﾝ	ｶﾀｱｼﾃﾞﾎﾟﾝﾎﾟﾝ	ﾄﾞﾝｹﾂ	ｲﾁﾊﾞﾝｵｿｲ	ｱｻﾞｶﾞﾃﾞｷﾙ	ｱｻﾞ	ｶﾞ	ﾃﾞｷﾙ	ｱｻﾞｶﾞﾃﾞｷﾙ
49	NI1814	南条	中	58	9:50	3	1949	女	ｷﾋﾞ	ﾄｰﾓﾛｺｼ	ｹﾝｹﾝ	ｶﾀｱｼﾄﾋﾞ	ﾄﾞﾝﾍﾞｶｽ	ﾋﾞﾘ	ｱｵｱｻﾞｶﾞﾃﾞｷﾙ	ｱｵｱｻﾞ	ｶﾞ	ﾃﾞｷﾙ	ﾅｲｼｭｯｹﾂｶﾞﾃﾞｷﾙ
49	NI1814	南条	若	37	10:00	1	1970	女	ﾄｰﾓﾛｺｼ	ﾄｰﾓﾛｺｼ	ｶﾀｱｼﾃﾞﾄﾌﾞ	ｶﾀｱｼﾃﾞﾄﾌﾞ	ﾋﾞﾘ	ﾋﾞﾘ	ｱｻﾞｶﾞﾃﾞｷﾙ	ｱｻﾞ	ｶﾞ	ﾃﾞｷﾙ	ｱｻﾞｶﾞﾃﾞｷﾙ
49	NI1814	南条	少	13	10:00	1	1994	女	ﾄｰﾓﾛｺｼ	ﾄｰﾓﾛｺｼ	ｹﾝｹﾝ	ﾋﾟｮﾝﾋﾟｮﾝ	"ﾄﾞﾍﾞ,ﾄﾞﾝｹﾂ"	ﾋﾞﾘ	ｱｵｱｻﾞｶﾞﾃﾞｷﾙ	ｱｵｱｻﾞ	ｶﾞ	ﾃﾞｷﾙ	ｱｻﾞｶﾞﾃﾞｷﾙ
50	NI1815	湯尾	高	76	10:07	1	1930	男	ﾄｰﾓﾛｺｼ	ﾄｰﾓﾛｺｼ	ｹﾝｹﾝ	ｶﾀｱｼﾄﾋﾞ	"ﾄﾞﾝｼﾞﾘ,ﾄﾞﾝﾍﾞ"	"ﾄﾞﾝｼﾞﾘ,ﾗｽﾄ"	ｱｻﾞｶﾞﾃﾞｷﾙ	ｱｻﾞ	ｶﾞ	ﾃﾞｷﾙ	ｱｻﾞｶﾞﾃﾞｷﾙ
50	NI1815	湯尾	中	58	10:10	1	1949	男	ﾄｰﾓﾛｺｼ	ﾄｰﾓﾛｺｼ	ｹﾝｹﾝ	ｹﾝｹﾝ	"ﾋﾞﾘ,ﾋﾞﾘｹﾂ"	"ﾋﾞﾘ,ﾋﾞﾘｹﾂ"	ｱｻﾞﾆﾅﾙ	ｱｻﾞ	ﾆ	ﾅﾙ	ｱｻﾞﾆﾅﾙ
50	NI1815	湯尾	若	38	10:07	1	1968	女	ﾄｰﾓﾛｺｼ	ﾄｰﾓﾛｺｼ	ｹﾝｹﾝ	ｹﾝｹﾝ	ﾋﾞﾘ	ｻｲｺﾞ	ｱｵﾀﾝｶﾞﾃﾞｷﾙ	ｱｵﾀﾝ	ｶﾞ	ﾃﾞｷﾙ	ｱｵｱｻﾞﾆﾅﾙ
50	NI1815	湯尾	少	17	14:05	1	1990	男	ﾄｰﾓﾛｺｼ	ﾄｰﾓﾛｺｼ	ｹﾝｹﾝ	ｹﾝｹﾝ	ﾋﾞﾘ	ﾋﾞﾘ	ｱｻﾞｶﾞﾃﾞｷﾙ	ｱｻﾞ	ｶﾞ	ﾃﾞｷﾙ	ｱｻﾞｶﾞﾃﾞｷﾙ
51	NI1816	今庄	高	75	14:00	1	1932	男	ﾄｰﾓﾛｺｼ	ﾄｰﾓﾛｺｼ	"ｲｯｹﾝｹﾝ,ｶﾀｱｼﾄﾋﾞ"	ｶﾀｱｼﾄﾋﾞ	ｹﾞﾍﾞ	ﾋﾞﾘ	ｱｻﾞﾆﾅﾙ	ｱｻﾞ	ﾆ	ﾅﾙ	"ｱｻﾞﾆﾅﾙ,ｸﾛｹﾞｰﾆﾅﾙ"
51	NI1816	今庄	中	55	18:28	1	1951	女	ﾄｰﾓﾛｺｼ	ﾄｰﾓﾛｺｼ	ｹﾝｹﾝ	ｶﾀｱｼﾄﾋﾞ	ﾋﾞﾘ	ｻｲｶｲ	ｱｻﾞｶﾞﾃﾞｷﾙ	ｱｻﾞ	ｶﾞ	ﾃﾞｷﾙ	ｱｻﾞｶﾞﾃﾞｷﾙ
51	NI1816	今庄	若	35	14:40	1	1971	男	ﾄｰﾓﾛｺｼ	ﾄｰﾓﾛｺｼ	ｹﾝｹﾝ	ｶﾀｱｼﾄﾋﾞ	ｹﾞﾍﾞ	ｻｲｶｲ	ｱｻﾞｶﾞﾃﾞｷﾙ	ｱｻﾞ	ｶﾞ	ﾃﾞｷﾙ	ｱｻﾞｶﾞﾃﾞｷﾙ
51	NI1816	今庄	少	14	18:00	1	1992	男	ﾄｰﾓﾛｺｼ	ﾄｰﾓﾛｺｼ	ｹﾝｹﾝ	ｹﾝｹﾝ	ｹﾞﾍﾞ	ﾋﾞﾘ	ｱｻﾞﾆﾅﾙ	ｱｻﾞ	ﾆ	ﾅﾙ	ｱｻﾞﾆﾅﾙ
52	NI1818	敦賀	高	85	16:06	2	1923	女	ﾄｰﾓﾛｺｼ	ﾄｰﾓﾛｺｼ	ｶﾀｱｼﾃﾞﾋﾟｮﾝﾋﾟｮﾝ	ｶﾀｱｼﾃﾞﾄﾌﾞ	"ﾋﾞﾘ,ﾋﾞﾘｯｺ"	ｻｲｺﾞ	ｱｵｼﾞﾐﾃﾞｷﾀ	ｱｵｼﾞﾐ	φ	ﾃﾞｷﾀ	ｱｵｲｱｻﾞｶﾞﾃﾞｷﾀ
52	NI1818	敦賀	中	52	10:00	1	1957	女	ﾄｰﾓﾛｺｼ	ﾄｰﾓﾛｺｼ	ｹﾝｹﾝ	ｶﾀｱｼﾄﾋﾞ	"ﾋﾞﾘ,ｹﾞﾍﾞ,ﾄﾞﾝｹﾂ"	ﾋﾞﾘ	"ｱｵｼﾞﾐﾆﾅﾙ,ｱｵｼﾞﾐｶﾞﾃﾞｷﾙ"	"ｱｵｼﾞﾐ,ｱｵｼﾞﾐ"	"ﾆ,ｶﾞ"	"ﾅﾙ,ﾃﾞｷﾙ"	"ｱｵｼﾞﾐﾆﾅﾙ,ｱｵｱｻﾞｶﾞﾃﾞｷﾙ"
52	NI1818	敦賀	若	35	17:00	3<呉竹>	1973	女	ﾄｰﾓﾛｺｼ	ﾄｰﾓﾛｺｼ	ｹﾝｹﾝ	ｹﾝｹﾝ	ｹﾞﾍﾞ	ﾄﾞﾝｹﾂ	ｱｵｼﾞﾐﾆﾅﾙ	ｱｵｼﾞﾐ	ﾆ	ﾅﾙ	ｳﾁﾐｶﾞﾃﾞｷﾙ
52	NI1818	敦賀	少	17	23:17	3	1993	女	ﾄｰﾓﾛｺｼ	ﾄｰﾓﾛｺｼ	ｹﾝｹﾝ	ｶﾀｱｼﾄﾋﾞ	ﾋﾞﾘ	ｻｲｺﾞﾉﾋﾄ	ｱｵｼﾞﾐﾆﾅﾙ	ｱｵｼﾞﾐ	ﾆ	ﾅﾙ	"ﾅｲｼｭｯｹﾂ,ｳﾁﾐﾆﾅﾙ"
53	NI2501	近江塩津	高	64	13:00	1	1942	男	ｺｰﾗｲ	ｺｰﾗｲ	ｹﾝｹﾝ	ｹﾝｹﾝ	"ｹﾞﾍﾞﾀ,ｼﾘﾍﾞﾀ"	ﾋﾞﾘ	ｸﾛｼﾞﾆﾅｯﾀ	ｸﾛｼﾞ	ﾆ	ﾅｯﾀ	ｶﾉｰｼﾀ
53	NI2501	近江塩津	中	54	14:30	1	1952	男	ﾄｰﾓﾛｺｼ	ﾄｰﾓﾛｺｼ	ｹﾝｹﾝ	ｹﾝｹﾝ	"ﾋﾞﾘ,ｹﾞｯﾀ"	ﾋﾞﾘ	ｱｵｼﾞﾆｼｭﾝﾀﾞ	ｱｵｼﾞ	ﾆ	ｼｭﾝﾀﾞ	ｱｻﾞｶﾞﾃﾞｷﾀ
53	NI2501	近江塩津	若	26	10:00	3	1980	男	ｺｰﾗｲ	ﾄｰﾓﾛｺｼ	ｹﾝｹﾝ	ｹﾝｹﾝ	ﾋﾞﾘ	ﾋﾞﾘ	ｱｵｼﾞﾆﾅﾙ	ｱｵｼﾞ	ﾆ	ﾅﾙ	ｱｵｼﾞﾆﾅﾙ
53	NI2501	近江塩津	少	14	16:10	1	1992	男	"ﾄｰﾓﾛｺｼ,ｺｰﾗｲ"	ﾄｰﾓﾛｺｼ	ｹﾝｹﾝ	ｹﾝｹﾝ	ﾋﾞﾘ	ﾋﾞﾘ	"ｳﾁﾐ,ﾀﾞﾎﾞｸ"	"ｳﾁﾐ,ﾀﾞﾎﾞｸ"	"NN,NN"	"NN,NN"	ﾀﾞﾎﾞｸ
54	NI2502	永原	高	74	13:00	1	1932	男	"ﾄｰﾓﾛｺｼ,ｺｰﾗｲ"	ﾄｰﾓﾛｺｼ	ｹﾝｹﾝ	ｹﾝｹﾝ	ｹﾞﾍﾞｯﾁｬ	ｹﾞﾍﾞﾁｬ	ｸﾛｼﾞｭｰﾆｼﾑ	ｸﾛｼﾞｭｰ	ﾆ	ｼﾑ	ｱｻﾞｶﾞﾃﾞｷﾙ
54	NI2502	永原	中	48	10:50	1	1958	男	"ﾄｰﾓﾛｺｼ,"	ﾄｰﾓﾛｺｼ	ｹﾝｹﾝ	"ｹﾝｹﾝ,ｶﾀｱｼﾄﾋﾞ"	"ﾋﾞﾘ,ﾄﾞﾝｹﾂ,ﾍﾞｯﾀ,ｹﾞｯﾀ"	ｻｲｶｲ	"ｱｵｼﾞﾆｼﾑ,ｸﾛｼﾞﾆｼﾑ"	"ｱｵｼﾞ,ｸﾛｼﾞ"	"ﾆ,ﾆ"	"ｼﾑ,ｼﾑ"	ｱｻﾞｶﾞﾃﾞｷﾙ
54	NI2502	永原	若	25	10:05	1	1981	女	ﾄｰﾓﾛｺｼ	ﾄｰﾓﾛｺｼ	ｹﾝｹﾝ	ｶﾀｱｼﾄﾋﾞ	ﾋﾞﾘ	ﾋﾞﾘ	ｱｵﾀﾝ	ｱｵﾀﾝ	NN	NN	ｱｵﾀﾝ
54	NI2502	永原	少	14	16:10	1	1992	男	ﾄｰﾓﾛｺｼ	ﾄｰﾓﾛｺｼ	ｹﾝｹﾝ	ｹﾝｹﾝ	ｹﾞﾍﾞ	"ﾋﾞﾘ,ｻｲｶｲ"	ｱｵﾀﾝ	ｱｵﾀﾝ	NN	NN	ｱｵﾀﾝ
55	NI2503	マキノ	高	66	13:50	1<マキノ蛭口943>	1942	男	"ﾄｰﾓﾛｺｼ,ﾅﾝﾊﾞﾝｷﾋﾞ"	ﾄｰﾓﾛｺｼ	ｹﾝｹﾝﾄﾋﾞ	ｹﾝｹﾝﾄﾋﾞ	ﾋﾞﾘ	ﾋﾞﾘ	ｱｵｼﾞﾃﾞｷﾙ	ｱｵｼﾞ	φ	ﾃﾞｷﾙ	ｱｵｼﾞﾃﾞｷﾙ
55	NI2503	マキノ	中	42	13:35	1	1967	男	ﾄｰﾓﾛｺｼ	ﾄｰﾓﾛｺｼ	ｹﾝｹﾝ	ｹﾝｹﾝ	ｹﾞﾍﾞ	ﾋﾞﾘ	ｱｵｼﾞﾑ	NN	NN	ｱｵｼﾞﾑ	"ｱｻﾞﾆﾅﾙ,ﾅｲｼｭｯｹﾂ"
55	NI2503	マキノ	若	36	19:10	1	1972	男	ﾄｰﾓﾛｺｼ	ﾄｰﾓﾛｺｼ	ｹﾝｹﾝ	ｹﾝｹﾝ	ｹﾞﾍﾞ	ｹﾂ	ｱｵｼﾞﾑ	NN	NN	ｱｵｼﾞﾑ	ｱｵｼﾞﾑ
55	NI2503	マキノ	少	12	13:35	1	1997	男	ﾄｰﾓﾛｺｼ	ﾄｰﾓﾛｺｼ	ｹﾝｹﾝ	ｶﾀｱｼﾄﾋﾞ	"ﾋﾞﾘ,ｻｲｺﾞ"	ﾋﾞﾘ	"ｱｻﾞｶﾞﾃﾞｷﾙ,ｱｵｼﾞﾛｸﾅｯﾀ"	"ｱｻﾞ,NN"	"ｶﾞ,NN"	"ﾃﾞｷﾙ,ｱｵｼﾞﾛｸﾅｯﾀ"	ｱｻﾞｶﾞﾃﾞｷﾙ
56	NI2504	近江中庄	高	76	16:30	1	1932	男	ﾅﾝﾊﾞﾝｷﾋﾞ	ﾄｰﾓﾛｺｼ	ｹﾝｹﾝﾄﾋﾞ	"ｹﾝｹﾝﾄﾋﾞ,ｶﾀｱｼﾄﾋﾞ"	ﾋﾞﾘ	ｻｲｶｲ	"ｱｵｽﾞﾝﾀ,ｱｵｽﾞﾝﾃﾞﾙ"	"NN,NN"	"NN,NN"	"ｱｵｽﾞﾝﾀ,ｱｵｽﾞﾝﾃﾞﾙ"	ﾅｲｼｭｯｹﾂｼﾀ
56	NI2504	近江中庄	中	46	17:45	1	1963	男	ﾄｰﾓﾛｺｼ	ﾄｰﾓﾛｺｼ	ｹﾝｹﾝ	ｹﾝｹﾝ	ﾄﾞﾍﾞ	"ﾋﾞﾘ,ｻｲｶｲ"	ｱｵｼﾞﾝﾀﾞ	NN	NN	ｱｵｼﾞﾝﾀﾞ	
56	NI2504	近江中庄	若	29	17:10	1	1979	男	ﾄｰﾓﾛｺｼ	ﾄｰﾓﾛｺｼ	"ｹﾝｹﾝ,ｹﾝｹﾝﾊﾟ"	ｹﾝｹﾝ	"ｹﾞﾍﾞ,ﾄﾞﾍﾞ"	ｻｲｶｲ	ｱｻﾞｶﾞﾃﾞｷﾙ	ｱｻﾞ	ｶﾞ	ﾃﾞｷﾙ	ｱｻﾞｶﾞﾃﾞｷﾙ
56	NI2504	近江中庄	少	18	16:15	1	1990	女	ﾄｰﾓﾛｺｼ	ﾄｰﾓﾛｺｼ	"ｹﾝｹﾝ,ｹﾝｹﾝﾊﾟ"	ｹﾝｹﾝ	"ﾋﾞﾘ,ｹﾞﾍﾞ"	"ﾋﾞﾘ,ｻｲｶｲ"	ｱｵﾀﾝｶﾞﾃﾞｷﾙ	ｱｵﾀﾝ	ｶﾞ	ﾃﾞｷﾙ	ｱｵﾀﾝｶﾞﾃﾞｷﾙ
57	NI2505	近江今津	高	64	13:12	1	1942	女	ﾅﾝﾊﾞﾝｷﾋﾞ	ﾄｰﾓﾛｺｼ	ｹﾝｹﾝ	ｹﾝｹﾝ	"ﾋﾞﾘ,ﾄﾞﾝｼﾞﾘ,ｹﾞﾍﾞｯﾁｬ,ｹﾞﾍﾞﾁｬ,ﾄﾞﾝｹﾞ"	ﾄﾞﾝｼﾞﾘ	ｱｵｼﾞｭﾆｼｭﾝﾀﾞ	ｱｵｼﾞｭ	ﾆ	ｼｭﾝﾀﾞ	NR
57	NI2505	近江今津	中	51	11:00	1	1955	男	"ﾄｰﾓﾛｺｼ,ﾅﾝﾊﾞﾝｷﾋﾞ"	ﾄｰﾓﾛｺｼ	ｹﾝｹﾝ	ｶﾀｱｼﾄﾋﾞ	ﾄﾞﾝｹﾞﾂ	ﾋﾞﾘ	ｸﾛｼﾞｶﾞｼﾑ	ｸﾛｼﾞ	ｶﾞ	ｼﾑ	NR
57	NI2505	近江今津	若	32	14:16	1	1974	男	ﾅﾝﾊﾞﾝｷﾋﾞ	ﾄｰﾓﾛｺｼ	ｹﾝｹﾝ	ｹﾝｹﾝ	"ﾋﾞﾘ,ﾄﾞﾝｹﾂ,ｹﾞﾍﾞﾀ"	ｻｲｶｲ	ｱｵｼﾞﾝﾀﾞ	NN	NN	ｱｵｼﾞﾝﾀﾞ	ｱｵｼﾞﾝﾀﾞ
57	NI2505	近江今津	少	15	16:08	1	1991	男	ﾄｰﾓﾛｺｼ	ﾄｰﾓﾛｺｼ	ｶﾀｱｼｼﾞｬﾝﾌﾟ	ｶﾀｱｼｼﾞｬﾝﾌﾟ	ﾋﾞﾘ	"ｹﾞｽｯﾍﾟ,ｻｲｶｲ"	ｱｵｼﾞﾝﾀﾞ	NN	NN	ｱｵｼﾞﾝﾀﾞ	ﾀﾞﾎﾞｸ
58	NI2506	新旭	高	72	12:55	1	1934	男	"ｽｲｰﾄｺｰﾝ,ﾄｰﾓﾛｺｼ,ﾅﾝﾊﾞﾝｷﾋﾞ"	ｽｲｰﾄｺｰﾝ	ｹﾝｹﾝ	ｹﾝｹﾝ	"ｹﾞﾍﾞ,ﾋﾞﾘｯｺ"	ﾋﾞﾘｯｺ	ｱｵｼﾞｭﾝﾀﾞ	NN	NN	ｱｵｼﾞｭﾝﾀﾞ	ﾅｲｼｭｯｹﾂ
58	NI2506	新旭	中	53	14:00	1	1953	男	ﾄｰﾓﾛｺｼ	ｽｲｰﾄｺｰﾝ	ｹﾝｹﾝ	ｶﾀｱｼﾄﾋﾞ	"ﾋﾞﾘ,ｹﾞﾍﾞ,ｹﾞﾍﾞﾀ,ﾄﾞﾝｹﾂ"	"ｻｲｼｭｰﾗﾝﾅｰ,ｻｲｺｰﾋﾞ"	ｱｵﾀﾝ	ｱｵﾀﾝ	NN	NN	ｱｻﾞ
58	NI2506	新旭	若	27	15:10	1	1979	女	ﾄｰﾓﾛｺｼ	ﾄｰﾓﾛｺｼ	ｹﾝｹﾝ	ｶﾀｱｼﾄﾋﾞ	"ｹﾞﾍﾞ,ﾍﾞﾍﾞ,ﾄﾞﾝｹﾂ"	ｻｲｶｲ	ｱｵｱｻﾞ	ｱｵｱｻﾞ	NN	NN	ｱｻﾞ
58	NI2506	新旭	少	11	16:25	1	1995	女	ﾄｰﾓﾛｺｼ	ﾄｰﾓﾛｺｼ	ｹﾝｹﾝ	ｹﾝｹﾝ	ﾋﾞﾘ	ｹﾞｽｯﾍﾟ	ｱｵｸﾅｯﾀ	NN	NN	ｱｵｸﾅｯﾀ	
59	NI2507	安曇川	高	62	15:20	1	1944	男	ﾅﾝﾊﾞﾝｷﾋﾞ	ﾄｰﾓﾛｺｼ	ｹﾝｹﾝ	ｹﾝｹﾝ	ﾄﾞﾝｼﾞﾘ	ﾋﾞﾘ	"ｱｵｼﾞﾐ,ｱｵｼﾞﾝﾀﾞ"	"ｱｵｼﾞﾐ,NN"	"NN,NN"	"NN,ｱｵｼﾞﾝﾀﾞ"	ｱｻﾞｶﾞﾃﾞｷﾙ
59	NI2507	安曇川	中	52	13:30	1	1954	女	ﾄｰﾓﾛｺｼ	ﾄｰﾓﾛｺｼ	ｹﾝｹﾝ	ｶﾀｱｼﾄﾋﾞ	"ｹﾞﾍﾞ,ﾄﾞﾝｼﾞﾘ"	"ｹﾞﾍﾞ,ｻｲｼｭｰﾗﾝﾅｰ"	ｱｻﾞｶﾞﾃﾞｷﾙ	ｱｻﾞ	ｶﾞ	ﾃﾞｷﾙ	ｱｻﾞｶﾞﾃﾞｷﾙ
59	NI2507	安曇川	若	34	14:25	1	1972	男	ﾄｰﾓﾛｺｼ	ﾄｰﾓﾛｺｼ	ｹﾝｹﾝ	ｹﾝｹﾝ	ｹﾞﾍﾞ	ｹﾞﾍﾞ	ｱｻﾞｶﾞﾃﾞｷﾙ	ｱｻﾞ	ｶﾞ	ﾃﾞｷﾙ	ｱｻﾞｶﾞﾃﾞｷﾙ
59	NI2507	安曇川	少	13	16:30	1	1993	女	ﾄｰﾓﾛｺｼ	ﾄｰﾓﾛｺｼ	ｹﾝｹﾝ	ｶﾀｱｼﾄﾋﾞ	ｹﾞﾍﾞ	ｻｲｶｲ	ｱｵﾀﾝ	ｱｵﾀﾝ	NN	NN	ｱｻﾞｶﾞﾃﾞｷﾙ
60	NI2508	近江高島	高	76	19:20	1	1932	男	ﾅﾝﾊﾞﾝ	ﾄｰﾓﾛｺｼ	ｹﾝｹﾝ	ｹﾝｹﾝ	ｹﾞﾍﾞｯﾁｮ	ﾋﾞﾘ	ｱｵｼﾞﾝﾀﾞ	NN	NN	ｱｵｼﾞﾝﾀﾞ	ｱｵｼﾞﾝﾀﾞ
60	NI2508	近江高島	中	45	20:10	1	1963	男	ﾄｰﾓﾛｺｼ	ﾄｰﾓﾛｺｼ	ｹﾝｹﾝ	ｹﾝｹﾝ	ﾄﾞﾝｹﾞﾍﾞ	ﾋﾞﾘ	ｱｻﾞﾆﾅﾙ	ｱｻﾞ	ﾆ	ﾅﾙ	ｱｵｱｻﾞﾆﾅﾙ
60	NI2508	近江高島	若	21	20:45	1	1987	男	ﾄｰﾓﾛｺｼ	ﾄｰﾓﾛｺｼ	ｹﾝｹﾝ	ｹﾝｹﾝ	"ﾋﾞﾘ,ｹﾂ,ｻｲｺﾞ"	ﾋﾞﾘ	"ｱｵｼﾞﾑ,ｱｵｼﾞﾝﾃﾞｷﾀ"	"NN,NN"	"NN,NN"	"ｱｵｼﾞﾑ,ｱｵｼﾞﾝﾃﾞｷﾀ"	ｱｻﾞｶﾞﾃﾞｷﾀ
60	NI2508	近江高島	少	13	19:15	99<安曇川>	1995	女	ﾄｰﾓﾛｺｼ	ﾄｰﾓﾛｺｼ	ｹﾝｹﾝ	ｹﾝｹﾝ	ﾋﾞﾘ	ﾋﾞﾘ	"ｱｻﾞﾃﾞｷﾙ,ｱｵﾀﾝ"	"ｱｻﾞ,ｱｵﾀﾝ"	"φ,NN"	"ﾃﾞｷﾙ,NN"	ｱｻﾞﾃﾞｷﾙ
61	NI2509	北小松	高	78	14:10	1	1928	男	ﾄｰﾓﾛｺｼ	ﾄｰﾓﾛｺｼ	ｹﾝｹﾝ	ｹﾝｹﾝ	"ﾋﾞｰﾋﾞｰ,ﾋﾞﾋﾞｯﾁｮ"	"ﾋﾞｰﾋﾞｰ,ﾋﾞﾋﾞｯﾁｮ"	ｱｻﾞｶﾞﾃﾞｷﾙ	ｱｻﾞ	ｶﾞ	ﾃﾞｷﾙ	ｱｻﾞｶﾞﾃﾞｷﾙ
61	NI2509	北小松	中	50	11:20	1	1956	男	"ﾄｰﾓﾛｺｼ,ﾅﾝﾊﾞﾝ"	ﾄｰﾓﾛｺｼ	ｹﾝｹﾝ	ｹﾝｹﾝ	ﾍﾞｯﾀｺ	ﾍﾞﾍﾞｯﾀｺ	ｱｵﾀﾝﾆﾅﾙ	ｱｵﾀﾝ	ﾆ	ﾅﾙ	ﾅｲｼｭｯｹﾂ
61	NI2509	北小松	若	35	13:10	1	1971	男	ﾄｰﾓﾛｺｼ	ﾄｰﾓﾛｺｼ	ｹﾝｹﾝ	ｹﾝｹﾝ	ﾍﾞﾍﾞ	ﾋﾞﾘ	ｱｵｼﾞﾑ	NN	NN	ｱｵｼﾞﾑ	ﾅｲｼｭｯｹﾂ
62	NI2510	近江舞子	高	72	19:30	1	1937	男	ﾄｰﾓﾛｺｼ	ﾄｰﾓﾛｺｼ	"ｹﾝｹﾝ,ｶﾀｱｼﾄﾋﾞ"	ｶﾀｱｼﾄﾋﾞ	"ﾍﾞｯﾀｺ,ﾋﾞﾘ"	"ﾍﾞｯﾀｺ,ﾋﾞﾘ"	"ｱｻﾞｶﾞﾃﾞｷﾙ,ｳﾁﾐ"	"ｱｻﾞ,ｳﾁﾐ"	"ｶﾞ,NN"	"ﾃﾞｷﾙ,NN"	"ﾀﾞﾎﾞｸｼｮｳ,ｱｻﾞｶﾞﾃﾞｷﾙ"
62	NI2510	近江舞子	中	51	19:30	1	1958	男	ﾅﾝﾊﾞﾝ	ﾄｰﾓﾛｺｼ	ｹﾝｹﾝ	ｹﾝｹﾝ	"ﾋﾞﾘ,ﾄﾞﾝｹﾂ"	ｻｲｺﾞ	ｱｵﾀﾝﾆﾅﾙ	ｱｵﾀﾝ	ﾆ	ﾅﾙ	ｱｵｱｻﾞﾆﾅﾙ
62	NI2510	近江舞子	少	15	10:45	1	1993	女	ﾄｰﾓﾛｺｼ	ﾄｰﾓﾛｺｼ	ｹﾝｹﾝ	ｹﾝｹﾝ	ﾍﾞﾍﾞ	ﾍﾞﾍﾞ	ｱｻﾞｶﾞﾃﾞｷﾙ	ｱｻﾞ	ｶﾞ	ﾃﾞｷﾙ	
62	NI2510	近江舞子	少	13	15:45	1	1993	男	ﾄｰﾓﾛｺｼ	ﾄｰﾓﾛｺｼ	ｹﾝｹﾝ	ｹﾝｹﾝ	ﾋﾞﾘ	ﾋﾞﾘ	ｱｻﾞｶﾞﾃﾞｷﾙ	ｱｻﾞ	ｶﾞ	ﾃﾞｷﾙ	ｱｻﾞｶﾞﾃﾞｷﾙ
63	NI2511	比良	高	72	10:20	1	1936	男	"ﾄｰﾓﾛｺｼ,ﾅﾝﾊﾞﾝ"	ﾄｰﾓﾛｺｼ	ｹﾝｹﾝ	ｹﾝｹﾝ	"ﾍﾞﾀｺ,ﾍﾞﾁｬｺ,ﾍﾞﾍﾞﾀ"	"ﾋﾞﾘ,ﾄﾞﾝｹﾂ"	"ｱｵｼﾞﾑ,ｱｵｼﾞﾝﾀﾞ"	"NN,NN"	"NN,NN"	"ｱｵｼﾞﾑ,ｱｵｼﾞﾝﾀﾞ"	
63	NI2511	比良	高	66	9:20	1	1943	男	ﾄｰﾓﾛｺｼ	ﾄｰﾓﾛｺｼ	ｹﾝｹﾝ	ｹﾝｹﾝ	ﾍﾞｯﾁｬｺ	ﾋﾞﾘ	ｱｻﾞﾆﾅﾙ	ｱｻﾞ	ﾆ	ﾅﾙ	ｱｻﾞﾆﾅﾙ
63	NI2511	比良	中	50	9:20	1	1958	男	ﾄｰﾓﾛｺｼ	ﾄｰﾓﾛｺｼ	ｹﾝｹﾝ	"ｶﾀｱｼﾄﾋﾞ,ｹﾝｹﾝ"	"ﾄﾞﾝｹﾞﾍﾞ,ﾄﾞﾝｼﾞﾘ"	"ｻｲｼｭｰﾗﾝﾅｰ,ﾄﾞﾝｼﾞﾘ"	"ｱｻﾞｶﾞﾃﾞｷﾙ,ｱｵｱｻﾞｶﾞﾃﾞｷﾙ"	"ｱｻﾞ,ｱｵｱｻﾞ"	"ｶﾞ,ｶﾞ"	"ﾃﾞｷﾙ,ﾃﾞｷﾙ"	ｱｵｱｻﾞｶﾞﾃﾞｷﾙ
63	NI2511	比良	若	39	9:20	1	1969	男	ﾄｰﾓﾛｺｼ	ﾄｰﾓﾛｺｼ	ｹﾝｹﾝ	ｹﾝｹﾝ	"ﾍﾞﾍﾞ,ﾄﾞﾝﾍﾞ,ﾋﾞﾘ"	ﾄﾞﾝｹﾂ	ｱｵﾀﾝﾃﾞｷﾀ	ｱｵﾀﾝ	φ	ﾃﾞｷﾀ	ﾅｲｼｭｯｹﾂｼﾀ
63	NI2511	比良	少	15	10:20	1	1994	男	ﾄｰﾓﾛｺｼ	ﾄｰﾓﾛｺｼ	ｹﾝｹﾝ	ｹﾝｹﾝ	ﾋﾞﾘ	ﾋﾞﾘ	ｱｻﾞｶﾞﾃﾞｷﾙ	ｱｻﾞ	ｶﾞ	ﾃﾞｷﾙ	ｱｻﾞｶﾞﾃﾞｷﾙ
63	NI2511	比良	少		14:03	1	1991	男	ﾅﾝﾊﾞﾝ	ﾄｰﾓﾛｺｼ	ｹﾝｹﾝ	ｹﾝｹﾝ	ｹﾂ	ｹﾞｽｯﾍﾟ	ｱｵﾀﾝｶﾞﾃﾞｷﾙ	ｱｵﾀﾝ	ｶﾞ	ﾃﾞｷﾙ	ﾁﾏﾒｶﾞﾃﾞｷﾙ
64	NI2512	志賀	高	80	12:30	1	1926	男	ﾅﾝﾊﾞﾝ	ﾄｰﾓﾛｺｼ	ｹﾝｹﾝ	ｹﾝｹﾝ	ﾋﾞﾘ	ﾋﾞﾘ	ｱｻﾞｶﾞﾃﾞｷﾙ	ｱｻﾞ	ｶﾞ	ﾃﾞｷﾙ	ｱｻﾞｶﾞﾃﾞｷﾙ
64	NI2512	志賀	中	48	9:00	1	1958	男	ﾄｰﾓﾛｺｼ	ﾄｰﾓﾛｺｼ	ｹﾝｹﾝ	ｹﾝｹﾝ	ﾋﾞﾘ	ﾋﾞﾘ	ｱｵﾀﾝﾆﾅﾙ	ｱｵﾀﾝ	ﾆ	ﾅﾙ	ｱｻﾞｶﾞﾃﾞｷﾙ
64	NI2512	志賀	若	32	10:40	1	1974	女	ﾄｰﾓﾛｺｼ	ﾄｰﾓﾛｺｼ	ｹﾝｹﾝ	ｹﾝｹﾝ	"ﾍﾞﾍﾞ,ﾍﾞｯﾀｺ"	ﾋﾞﾘ	ｱｵﾀﾝｶﾞﾃﾞｷﾙ	ｱｵﾀﾝ	ｶﾞ	ﾃﾞｷﾙ	ｱｻﾞｶﾞﾃﾞｷﾙ
65	NI2513	蓬莱	高	70	10:20	1	1936	男	ﾅﾝﾊﾞﾝｷﾋﾞ	ﾄｰﾓﾛｺｼ	ｹﾝｹﾝ	ｹﾝｹﾝ	ﾍﾞｯﾁｬｺ	ﾍﾞﾍﾞ	"ｱｵｼﾞﾑ,ｱｵｼﾞﾝﾀﾞ"	"NN,NN"	"NN,NN"	"ｱｵｼﾞﾑ,ｱｵｼﾞﾝﾀﾞ"	ｳﾁﾐﾆﾅﾙ
65	NI2513	蓬莱	中	57	8:40	3	1949	男	"ﾄｰﾓﾛｺｼ,ﾅﾝﾊﾞﾝ"	ﾄｰﾓﾛｺｼ	ｹﾝｹﾝ	ｹﾝｹﾝ	"ﾋﾞﾘ,ﾄﾞﾍﾞｯﾀ"	ｼﾘ	ｱｻﾞﾆﾅﾙ	ｱｻﾞ	ﾆ	ﾅﾙ	ｱｻﾞﾆﾅﾙ
65	NI2513	蓬莱	若	34	10:00	1	1972	男	ﾄｰﾓﾛｺｼ	ﾄｰﾓﾛｺｼ	ｹﾝｹﾝ	ｹﾝｹﾝ	ﾋﾞﾘ	"ﾋﾞﾘ,ｹﾞｽｯﾍﾟ,ｻｲｶｲ"	"ｱｻﾞｶﾞﾃﾞｷﾙ,ｱｻﾞﾆﾅﾙ,ｱｵﾀﾝ"	"ｱｻﾞ,ｱｻﾞ,ｱｵﾀﾝ"	"ｶﾞ,ﾆ,NN"	"ﾃﾞｷﾙ,ﾅﾙ,NN"	"ｱｻﾞｶﾞﾃﾞｷﾙ,ｱｻﾞﾆﾅﾙ"
65	NI2513	蓬莱	少	13	15:05	1	1993	男	ﾄｰﾓﾛｺｼ	ﾄｰﾓﾛｺｼ	ｹﾝｹﾝ	ｹﾝｹﾝ	ﾄﾞﾍﾞ	ｹﾞｽｯﾍﾟ	ｱｵｼﾞﾝﾀﾞ	NN	NN	ｱｵｼﾞﾝﾀﾞ	ｱｵｸﾅｯﾀ
66	NI2514	和邇	高	67	10:30	1	1939	女	ﾅﾝﾊﾞﾝ	ﾄｰﾓﾛｺｼ	"ｹﾝｹﾝ,ｶﾀｱｼﾄﾋﾞ"	"ｶﾀｱｼﾄﾋﾞ,ｶﾀｱｹﾞﾄﾋﾞ"	ﾍﾞｯﾁｬｺ	"ｹﾞｽｯﾍﾟ,ｲﾁﾊﾞﾝｱﾄ"	ｼﾞｭｼﾞｭﾑ	NN	NN	ｼﾞｭｼﾞｭﾑ	ｱｻﾞﾆﾅﾙ
66	NI2514	和邇	中	50	13:50	1	1956	男	ﾄｰﾓﾛｺｼ	ﾄｰﾓﾛｺｼ	ｹﾝｹﾝ	ｹﾝｹﾝ	"ﾋﾞﾘ,"	ﾋﾞﾘ	"ｱｻﾞ,ｱｵｼﾞﾑ"	"ｱｻﾞ,NN"	"NN,NN"	"NN,ｱｵｼﾞﾑ"	ﾊﾚﾙ
66	NI2514	和邇	若	24	16:00	1	1982	女	ﾄｰﾓﾛｺｼ	ﾄｰﾓﾛｺｼ	ｹﾝｹﾝ	ｹﾝｹﾝ	ﾍﾞﾍﾞ	ｹﾞｽｯﾍﾟ	ｱｻﾞｶﾞﾃﾞｷﾙ	ｱｻﾞ	ｶﾞ	ﾃﾞｷﾙ	ｱｻﾞｶﾞﾃﾞｷﾙ
66	NI2514	和邇	少	14	14:35	1	1992	女	ﾄｰﾓﾛｺｼ	ﾄｰﾓﾛｺｼ	ｹﾝｹﾝ	ｹﾝｹﾝ	ﾄﾞﾍﾞ	ﾋﾞﾘ	ｳﾁﾐﾆﾅﾙ	ｳﾁﾐ	ﾆ	ﾅﾙ	ｳﾁﾐｶﾞﾃﾞｷﾙ
67	NI2515	小野	高	67	14:10	1	1942	男	"ﾅﾝﾊﾞﾝ,ﾄｰﾓﾛｺｼ"	ﾄｰﾓﾛｺｼ	ｹﾝｹﾝ	ｹﾝｹﾝ	"ﾄﾞﾍﾞ,ﾄﾞﾝｹﾂ,ﾍﾞｯﾀｺ"	ﾄﾞﾝｹﾂ	"ｱｵｼﾞﾝﾀﾞ,ｱｵｼﾞﾑ,ｱｻﾞｶﾞﾃﾞｷﾙ"	"NN,NN,ｱｻﾞ"	"NN,NN,ｶﾞ"	"ｱｵｼﾞﾝﾀﾞ,ｱｵｼﾞﾑ,ﾃﾞｷﾙ"	ｱｻﾞｶﾞﾃﾞｷﾙ
67	NI2515	小野	中	47	16:10	1	1962	男	"ﾄｰﾓﾛｺｼ,ﾅﾝﾊﾞ"	ﾄｰﾓﾛｺｼ	ｹﾝｹﾝ	ｶﾀｱｼﾄﾋﾞ	ﾍﾞｯﾀ	ｻｲｺｰｲ	"ｱｵｼﾞﾝﾀﾞ,ｱｵｼﾞﾑ"	"NN,NN"	"NN,NN"	"ｱｵｼﾞﾝﾀﾞ,ｱｵｼﾞﾑ"	"ｱｵｱｻﾞﾆﾅﾙ,ﾅｲｼｭｯｹﾂ"
67	NI2515	小野	少	11	17:50	1	1998	女	ﾄｰﾓﾛｺｼ	ﾄｰﾓﾛｺｼ	ｹﾝｹﾝ	ｶﾀｱｼﾄﾋﾞ	ﾍﾞｯﾀｺ	ｻｲｺﾞ	ｱｵｼﾞﾝﾃﾞﾙ	NN	NN	ｱｵｼﾞﾝﾃﾞﾙ	ｱｵｼﾞﾝﾃﾞﾙ
68	NI2516	堅田	高	66	11:30	1	1940	男	"ﾄｰﾓﾛｺｼ,ﾅﾝﾊﾞ"	ﾄｰﾓﾛｺｼ	ｹﾝｹﾝ	ｹﾝｹﾝ	"ﾄﾞﾝｼﾞﾘ,ﾍﾞｯﾀｺ,ﾍﾞﾍﾞﾀ,ﾄﾞﾝﾍﾞ,ﾍﾞﾍﾞﾀｺ"	ｹﾞｽｯﾍﾟ	"ｱｵｼﾞ,ｱｵｼﾞﾝﾀﾞﾘ"	"ｱｵｼﾞ,NN"	"NN,NN"	"NN,ｱｵｼﾞﾝﾀﾞﾘ"	ｱｻﾞ
68	NI2516	堅田	中	45	10:10	1	1961	男	ﾅﾝﾊﾞ	ﾄｰﾓﾛｺｼ	ｹﾝｹﾝ	ｹﾝｹﾝ	ﾍﾞﾍﾞﾀ	ﾋﾞﾘ	"ｱｵｼﾞﾑ,ｱｵｼﾞﾝﾀﾞ"	"NN,NN"	"NN,NN"	"ｱｵｼﾞﾑ,ｱｵｼﾞﾝﾀﾞ"	ﾅｲｼｭｯｹﾂ
68	NI2516	堅田	若	26	9:15	1	1980	女	ﾄｰﾓﾛｺｼ	ﾄｰﾓﾛｺｼ	ｹﾝｹﾝ	ｶﾀｱｼﾄﾋﾞ	ﾋﾞﾘ	ﾋﾞﾘ	"ｱｵｼﾞﾐ,ｱｵｼﾞﾑ"	"ｱｵｼﾞﾐ,NN"	"NN,NN"	"NN,ｱｵｼﾞﾑ"	ﾅｲｼｭｯｹﾂ
68	NI2516	堅田	少	14	10:10	1	1992	男	ﾄｰﾓﾛｺｼ	ﾄｰﾓﾛｺｼ	ｹﾝｹﾝ	ｹﾝｹﾝ	ﾋﾞﾘ	ﾋﾞﾘ	ｱｵｼﾞﾝﾀﾞ	NN	NN	ｱｵｼﾞﾝﾀﾞ	ｱｵｼﾞﾝﾀﾞ
69	NI2517	おごと温泉	高	70	10:30	99<京都市>	1936	男	ﾅﾝﾊﾞ	ﾄｰﾓﾛｺｼ	ｹﾝｹﾝ	ｶﾀｱｼﾄﾋﾞ	"ﾋﾞﾘ,ﾄﾞﾝｹﾂ"	ﾋﾞﾘ	"ﾑﾗｻｷﾆﾅﾙ,ﾑﾗｻｷﾊﾞﾚ"	"ﾑﾗｻｷ,ﾑﾗｻｷﾊﾞﾚ"	"ﾆ,NN"	"ﾅﾙ,NN"	ﾅｲｼｭｯｹﾂ
69	NI2517	おごと温泉	中	57	12:55	1	1949	女	ﾅﾝﾊﾞ	ﾄｰﾓﾛｺｼ	ｹﾝｹﾝ	ｹﾝｹﾝ	ﾍﾞｯﾁｬｺ	"ﾍﾞｯﾁｬｺ,ｲﾁﾊﾞﾝｻｲｺﾞ"	"ｱｵﾀﾝ,ｱｵｼﾞﾑ"	"ｱｵﾀﾝ,NN"	"NN,NN"	"NN,ｱｵｼﾞﾑ"	ﾅｲｼｭｯｹﾂ
69	NI2517	おごと温泉	若	37	14:30	1	1969	女	ﾄｰﾓﾛｺｼ	ﾄｰﾓﾛｺｼ	ｹﾝｹﾝ	ｹﾝｹﾝ	"ﾍﾞｯﾀｺ,ﾍﾞﾍﾞﾁｬｺ"	ﾋﾞﾘ	ｱｵﾀﾝﾅﾙ	ｱｵﾀﾝ	φ	ﾅﾙ	ｱｵﾀﾝﾅﾙ
69	NI2517	おごと温泉	少	12	16:45	1	1994	女	ﾄｰﾓﾛｺｼ	ﾄｰﾓﾛｺｼ	ｶﾀｱｼﾄﾋﾞ	ｶﾀｱｼﾄﾋﾞ	ﾍﾞﾍﾞ	ｹﾞｽｯﾍﾟ	ｱｵｼﾞﾝﾃﾞﾙ	NN	NN	ｱｵｼﾞﾝﾃﾞﾙ	ｱｵｼﾞﾝﾃﾞﾙ
70	NI2518	比叡山坂本	高	64	10:00	1	1942	男	ﾅﾝﾊﾞ	ﾄｰﾓﾛｺｼ	ｹﾝｹﾝ	ｹﾝｹﾝ	ﾋﾞﾘ	ﾋﾞﾘ	ｱｻﾞｶﾞﾃﾞｷﾙ	ｱｻﾞ	ｶﾞ	ﾃﾞｷﾙ	ｱｻﾞｶﾞﾃﾞｷﾙ
70	NI2518	比叡山坂本	中	57	10:50	1	1949	男	ﾄｰﾓﾛｺｼ	ﾄｰﾓﾛｺｼ			"ﾋﾞﾘ,ﾍﾞｯﾀｺ"	ﾋﾞﾘ	ｱｻﾞ	ｱｻﾞ	NN	NN	ｱｻﾞ
70	NI2518	比叡山坂本	中	44	10:40	1	1962	男	"ﾄｰﾓﾛｺｼ,ﾅﾝﾊﾞ"	ﾄｰﾓﾛｺｼ	ｹﾝｹﾝ	ｹﾝｹﾝ	ﾋﾞﾘ	ﾋﾞﾘ	"ｱｵﾀﾝｶﾞﾃﾞｷﾙ,ｱｵｼﾞﾐｶﾞﾃﾞｷﾙ"	"ｱｵﾀﾝ,ｱｵｼﾞﾐ"	"ｶﾞ,ｶﾞ"	"ﾃﾞｷﾙ,ﾃﾞｷﾙ"	ｱｻﾞｶﾞﾃﾞｷﾙ
70	NI2518	比叡山坂本	若	37	9:30	1	1969	女	ﾄｰﾓﾛｺｼ	ﾄｰﾓﾛｺｼ	ｹﾝｹﾝ	ｹﾝｹﾝ	ﾋﾞﾘ	ﾋﾞﾘ	ｱｻﾞｶﾞﾃﾞｷﾙ	ｱｻﾞ	ｶﾞ	ﾃﾞｷﾙ	ｱｻﾞｶﾞﾃﾞｷﾙ
70	NI2518	比叡山坂本	少	11	12:45	1	1995	男	ﾄｰﾓﾛｺｼ	ﾄｰﾓﾛｺｼ	ｹﾝｹﾝ	ｹﾝｹﾝ	ﾍﾞﾍﾞ	"ﾋﾞﾘ,ｻｲｶｲ"	ｱｻﾞｶﾞﾃﾞｷﾙ	ｱｻﾞ	ｶﾞ	ﾃﾞｷﾙ	ｱｻﾞｶﾞﾃﾞｷﾙ
71	NI2519	唐崎	高	66	14:10	1	1940	男	ﾅﾝﾊﾞ	ﾄｰﾓﾛｺｼ	ｹﾝｹﾝ	ｶﾀｱｼﾄﾋﾞ	ﾍﾞﾍﾞ	ｻｲｺｰﾋﾞ	ｱｻﾞﾆﾅﾙ	ｱｻﾞ	ﾆ	ﾅﾙ	ｳﾁﾐ
71	NI2519	唐崎	中	48	9:55	1	1958	男	ﾅﾝﾊﾞ	ﾄｰﾓﾛｺｼ	ｹﾝｹﾝ	ｶﾀｱｼﾄﾋﾞ	"ﾋﾞﾘ,ﾄﾞﾍﾞ"	ﾋﾞﾘｯｺ	ｱｻﾞｶﾞﾃﾞｷﾙ	ｱｻﾞ	ｶﾞ	ﾃﾞｷﾙ	ｱｻﾞｶﾞﾃﾞｷﾙ
71	NI2519	唐崎	若	38	13:05	1	1968	男	ﾄｰﾓﾛｺｼ	ﾄｰﾓﾛｺｼ	ｹﾝｹﾝ	ｹﾝｹﾝ	"ﾋﾞﾘ,ﾍﾞｯﾀｺ"	ﾍﾞｯﾀｺ	ｱｵｱｻﾞ	ｱｵｱｻﾞ	NN	NN	ｱｵｱｻﾞ
71	NI2519	唐崎	少	12	11:55	1	1994	男	ﾄｰﾓﾛｺｼ	ﾄｰﾓﾛｺｼ	ｶﾀｱｼﾄﾋﾞ	ｶﾀｱｼﾄﾋﾞ	ﾋﾞﾘ	ｹﾞｽｯﾍﾟ	ｱｵﾀﾝ	ｱｵﾀﾝ	NN	NN	ｱｵﾀﾝ
72	NI2520	大津京	高	73	10:07	1	1933	男	ﾅﾝﾊﾞ	"ｺｰﾝ,ﾅﾝﾊﾞ"	NR	NR	ﾍﾞｯﾀ	ｻｲｶｲ	ｱｵｼﾞｭﾝﾀﾞ	NN	NN	ｱｵｼﾞｭﾝﾀﾞ	
72	NI2520	大津京	中	48	15:12	1	1958	男	ﾅﾝﾊﾞ	ﾄｰﾓﾛｺｼ	ｹﾝｹﾝ	ｶﾀｱｼﾄﾋﾞ	"ﾍﾞｯﾀｺ,ﾍﾞﾍﾞﾀ,ﾍﾞﾍﾞﾁｬ"	ﾋﾞﾘ	ｱｵﾀﾝ	ｱｵﾀﾝ	NN	NN	ｱｵｱｻﾞ
72	NI2520	大津京	若	34	14:02	1	1972	男	"ﾄｰﾓﾛｺｼ,ﾅﾝﾊﾞ"	ﾅﾝﾊﾞ	ｹﾝｹﾝ	ｹﾝｹﾝ	ﾋﾞﾘ	ﾋﾞﾘ	ｱｵﾀﾝﾃﾞｷﾙ	ｱｵﾀﾝ	φ	ﾃﾞｷﾙ	ｳﾁﾐ
72	NI2520	大津京	少	13	16:00	1	1993	女	ﾄｰﾓﾛｺｼ	ﾄｰﾓﾛｺｼ	ｹﾝｹﾝ	ｹﾝｹﾝ	ﾍﾞﾍﾞﾀ	ﾍﾞﾍﾞﾀ	ｱｵﾀﾝﾃﾞｷﾀ	ｱｵﾀﾝ	φ	ﾃﾞｷﾀ	ｱｵﾀﾝﾃﾞｷﾀ
72	NI2520	大津京	少	13	14:30	1	1993	男	ﾄｰﾓﾛｺｼ	ﾄｰﾓﾛｺｼ	ｹﾝｹﾝ	ｹﾝｹﾝ	ﾄﾞﾍﾞ	ﾋﾞﾘ	ｱｻﾞｶﾞﾃﾞｷﾙ	ｱｻﾞ	ｶﾞ	ﾃﾞｷﾙ	ｱｻﾞｶﾞﾃﾞｷﾙ
73	NI2601	山科	高	67	16:00	1	1942	男	"ﾄｰﾓﾛｺｼ,ﾅﾝﾊﾞ"	ﾄｰﾓﾛｺｼ	ｹﾝｹﾝ	ｹﾝｹﾝ	"ﾄﾞﾝｼﾞﾘ,ｹﾞﾍﾞｯﾁｬ"	ﾄﾞﾝｼﾞﾘ	ｱｻﾞｶﾞﾃﾞｷﾙ	ｱｻﾞ	ｶﾞ	ﾃﾞｷﾙ	ｱｻﾞｶﾞﾃﾞｷﾙ
73	NI2601	山科	中	41	18:00	1	1967	女	ﾄｰﾓﾛｺｼ	ﾄｰﾓﾛｺｼ	ｹﾝｹﾝ	ｹﾝｹﾝ	"ﾍﾞﾍﾞﾀｺ,ﾍﾞｯﾀｺ"	ﾍﾞﾍﾞﾀｺ	ｱｵﾀﾝｶﾞﾃﾞｷﾙ	ｱｵﾀﾝ	ｶﾞ	ﾃﾞｷﾙ	ｱｵｱｻﾞｶﾞﾃﾞｷﾙ
73	NI2601	山科	若	36	17:05	1	1973	女	ﾄｰﾓﾛｺｼ	ﾄｰﾓﾛｺｼ	ｹﾝｹﾝ	ｹﾝｹﾝ	ﾋﾞﾘ	ｻｲｺﾞ	ｱｵﾀﾝｶﾞﾃﾞｷﾙ	ｱｵﾀﾝ	ｶﾞ	ﾃﾞｷﾙ	ｳﾁﾐﾆﾅﾙ
73	NI2601	山科	少	13	15:10	1	1994	女	"ﾄｰﾓﾛｺｼ,ｺｰﾝ"	ﾄｰﾓﾛｺｼ	ｹﾝｹﾝ	ｶﾀｱｼﾄﾋﾞ	ﾍﾞﾍﾞ	ｻｲｺｰﾋﾞ	ｱｵﾀﾝ	ｱｵﾀﾝ	NN	NN	ﾀﾞﾎﾞｸ
74	NI2602	KYOTO	高	63	15:55	99<宇治市>	1946	男	ﾄｰﾓﾛｺｼ	ﾄｰﾓﾛｺｼ	ｹﾝｹﾝ	ｹﾝｹﾝ	ﾍﾞｯﾀｺ	ﾍﾞｯﾀｺ	ｱｻﾞｶﾞﾃﾞｷﾙ	ｱｻﾞ	ｶﾞ	ﾃﾞｷﾙ	ｱｻﾞｶﾞﾃﾞｷﾙ
74	NI2602	KYOTO	中	45	17:45	3<上京区千本通り>	1963	男	ﾄｰﾓﾛｺｼ	ﾄｰﾓﾛｺｼ	ｹﾝｹﾝ	ｹﾝｹﾝ	ﾋﾞﾘ	ﾋﾞﾘ	ｱｻﾞｶﾞﾃﾞｷﾙ	ｱｻﾞ	ｶﾞ	ﾃﾞｷﾙ	ｱｻﾞｶﾞﾃﾞｷﾙ
74	NI2602	KYOTO	若	32	15:05	1	1977	男	ﾄｰﾓﾛｺｼ	ﾄｰﾓﾛｺｼ	ｹﾝｹﾝ	ｹﾝｹﾝ	"ﾋﾞﾘ,ﾄﾞﾝﾍﾞ"	ﾋﾞﾘ	ｱｵﾀﾝｶﾞﾃﾞｷﾙ	ｱｵﾀﾝ	ｶﾞ	ﾃﾞｷﾙ	ｱｵｱｻﾞｶﾞﾃﾞｷﾙ
74	NI2602	KYOTO	高	67	16:42	3<場所は未確認>	1942	女	ﾅﾝﾊﾞ	ﾄｰﾓﾛｺｼ	ｹﾝｹﾝ	ｶﾀｱｼﾄﾋﾞ	ﾍﾞｯﾀｺ	ﾍﾞｯﾀｺ	ｱｵｼﾞﾝﾀﾞ	NN	NN	ｱｵｼﾞﾝﾀﾞ	ｱｵｱｻﾞｶﾞﾃﾞｷﾙ
74	NI2602	KYOTO	若	22	8:40	2<同一町内>	1986	男	ﾄｰﾓﾛｺｼ	ﾄｰﾓﾛｺｼ	ｹﾝｹﾝ	ｹﾝｹﾝ	ﾋﾞﾘ	ｻｲｺﾞ	ｱｻﾞ	ｱｻﾞ	NN	NN	ｱｵｱｻﾞ
74	NI2602	KYOTO	少	19	20:45	2<同一町内>	1989	女	ﾄｰﾓﾛｺｼ	ﾄｰﾓﾛｺｼ	ｹﾝｹﾝ	ｹﾝｹﾝ	ﾋﾞﾘ	ｻｲｺﾞ	ｱｵﾀﾝｶﾞﾃﾞｷﾙ	ｱｵﾀﾝ	ｶﾞ	ﾃﾞｷﾙ	ｱｵｱｻﾞｶﾞﾃﾞｷﾙ
